ANUALIDAD,NUMBARRIO,NOMBARRIO,I_ALQUILER,HABITANTES,EXTRANJEROS,SUPERFICIE,DENSIDAD,MEN_16,DE_16_A_65,MAY_65,TDEP_INF,TDEP_MAY,TDEP_TOTAL,ALTAS_UNIVERSITARIAS,BAJAS_SE,NACIMIENTOS,RENTA_NMPP,RESTAURACION,COMERCIAL,NUM_VIVIENDAS,PLAZAS_VIVIENDAS,NUM_ESTAB_HOTELEROS,PLAZAS_ESTAB_HOTELEROS,SUP_ZONAS_VERDES,ZV_X_HABITANTES,S_SALUD,PROX_S_SALUD,C_CULTURALES,C_OCIO,C_DEPORTIVOS,C_ALIMENTACION,PERSONAS_X_HOGAR
2017,1,LA ARA헤,3.7,246,15,323892.4849,7.59511293,40,151,55,26.49006623,36.42384106,62.91390728,7,0,1,10423,3,1,0,0,0,0,687.310775,2.79394624,0,0,1,0,1,0,2.506
2017,2,FABRICA CEMENTO,0,0,0,1146583.726,0,0,0,0,0,0,0,0,0,0,0,0,0,0,0,0,0,0,0,0,0,0,0,0,1,2
2017,3,JARAZMIN,4.28,690,28,539769.9039,12.78322476,157,473,60,33.19238901,12.68498943,45.87737844,27,0,10,15150,1,3,1,8,0,0,2037.11518,2.952340841,0,0,0,0,1,0,3.1709
2017,4,EL CANDADO,7.52,1415,103,711852.9705,19.87770029,199,927,289,21.46709817,31.17583603,52.6429342,57,0,8,15150,3,8,21,126,0,0,824.086115,0.582393014,0,378,0,0,0,2,2.8237
2017,5,PLAYA VIRGINIA,4.56,588,37,60083.06456,97.86451545,68,418,102,16.26794258,24.40191388,40.66985646,17,0,3,10423,1,2,10,60,0,0,512.981209,0.872417022,0,470,0,1,0,0,2.4826
2017,6,EL CHANQUETE,0,209,7,56036.9396,37.29682625,24,144,41,16.66666667,28.47222222,45.13888889,7,0,2,10423,8,0,4,24,0,0,0,0,0,209,0,0,0,0,2.8038
2017,7,FINCA EL CANDADO,0,12,1,79527.21618,1.508917397,1,10,1,10,10,20,0,0,0,7884.5,2,0,0,0,0,0,0,0,0,0,0,0,0,0,2.6
2017,8,CAMINO DE OLIAS,0,0,0,99823.11028,0,0,0,0,0,0,0,0,0,0,0,0,0,0,0,0,0,0,0,0,0,0,0,0,0,0
2017,9,PODADERA,0,211,5,45203.89082,46.67739794,25,132,54,18.93939394,40.90909091,59.84848485,2,0,0,7224,0,0,0,0,0,0,0,0,0,0,0,0,0,0,2.6017
2017,10,MIRAFLORES ALTO,7.67,639,18,233082.6382,27.41516935,212,398,29,53.26633166,7.286432161,60.55276382,5,1,9,16448.939,0,0,2,12,0,0,0,0,0,0,0,0,0,0,3.5267
2017,11,VIRGEN DE LAS ANGUSTIAS,3.8,589,41,17984.429,327.5055328,104,387,98,26.87338501,25.32299742,52.19638243,5,0,4,7224,0,0,0,0,0,0,231.439875,0.392936969,0,0,0,0,0,1,2.9143
2017,12,LA PELUSILLA,1.2,340,29,48598.17141,69.96148006,46,209,85,22.00956938,40.66985646,62.67942584,3,0,1,7224,0,1,3,20,2,83,0,0,0,109,0,0,0,0,2.631
2017,13,LA PELUSA,5.47,820,36,77160.91932,106.271414,113,516,191,21.89922481,37.01550388,58.91472868,15,2,3,9078.3768,3,7,0,0,0,0,0,0,0,810,0,0,0,4,2.6381
2017,14,MIRAMAR DEL PALO,8.44,595,51,33390.3662,178.1951107,85,422,88,20.14218009,20.85308057,40.99526066,17,1,6,8826,2,3,4,22,0,0,245.926938,0.413322585,1,595,0,0,0,1,2.6684
2017,15,PLAYAS DEL PALO,5.62,892,50,171181.9648,52.10829314,100,540,252,18.51851852,46.66666667,65.18518519,7,0,3,7212.7791,15,1,19,97,0,0,3345.296574,3.750332482,0,459,0,0,0,0,2.7861
2017,16,EL PALO,6.43,10139,1062,366257.4616,276.8271247,1497,6749,1893,22.18106386,28.04859979,50.22966365,218,0,95,9086.6775,35,119,57,288,4,98,1423.4607,0.140394585,0,4649,2,0,6,20,2.7414
2017,17,LAS CUEVAS,5.85,864,41,41002.23801,210.720205,150,574,140,26.13240418,24.3902439,50.52264808,13,1,10,7688.7407,0,0,3,15,1,30,175.964015,0.203662054,0,43,0,0,0,2,3.1569
2017,18,MIRAFLORES DEL PALO,4.29,1708,74,583995.2646,29.24681249,241,1071,396,22.50233427,36.97478992,59.47712418,92,0,20,16668.7482,1,2,8,61,1,8,0,0,0,121,0,0,0,7,3.251
2017,19,EL DRAGO,5.29,559,18,32298.2367,173.0744639,79,370,110,21.35135135,29.72972973,51.08108108,27,2,3,13929.1664,0,0,0,0,0,0,0,0,0,0,0,0,0,0,4.2513
2017,20,VILLA CRISTINA,5.63,458,17,39333.45093,116.4403298,85,267,106,31.83520599,39.70037453,71.53558052,24,2,5,16560,0,0,0,0,0,0,497.535211,1.086321421,0,0,0,0,0,1,3.1137
2017,21,ECHEVERRIA DEL PALO,6.64,2643,142,82986.91621,318.4839395,389,1561,693,24.91992313,44.39461883,69.31454196,134,0,23,13499.5119,47,68,8,56,0,0,0,0,0,0,0,0,0,1,2.5868
2017,22,SAN ISIDRO,6.33,600,7,104070.2925,57.65334042,67,336,197,19.94047619,58.63095238,78.57142857,18,1,4,16041,0,0,2,19,0,0,353.821464,0.58970244,0,0,0,0,0,0,3.3754
2017,23,SAN FRANCISCO,8.55,670,10,134000.6959,49.99974033,90,474,106,18.98734177,22.3628692,41.35021097,20,0,7,16041,0,1,1,4,0,0,0,0,0,0,0,0,0,2,3.3412
2017,24,PINARES DE SAN ANT흁,8.96,931,65,973838.5702,9.560106043,155,603,173,25.70480929,28.68988391,54.3946932,58,0,6,20943.9184,0,0,7,63,0,0,2971.87076,3.192127562,0,0,0,0,0,0,3.3785
2017,25,LA MOSCA,4.4,1556,92,533442.112,29.16905068,245,1058,238,23.15689981,22.4952741,45.65217391,33,0,10,10496.144,4,1,6,28,0,0,305.710726,0.196472189,0,0,0,0,6,1,2.9433
2017,26,VALLE DE LOS GALANES,5.78,1749,93,236604.8054,73.92073026,313,1130,306,27.69911504,27.07964602,54.77876106,73,1,15,15943.3608,4,2,5,21,0,0,0,0,0,0,0,0,0,1,3.1329
2017,27,EL POLVORIN,8.12,403,24,71619.98306,56.26921186,76,286,41,26.57342657,14.33566434,40.90909091,13,1,3,16372,0,0,2,8,0,0,0,0,0,0,0,0,0,0,2.4339
2017,28,PEDREGALEJO,7.02,1915,114,341837.3252,56.02079874,303,1159,453,26.14322692,39.08541846,65.22864538,97,1,15,16652.7191,6,8,22,160,7,115,234.298453,0.122349062,0,0,0,0,16,5,2.7184
2017,29,LAS ACACIAS,6.54,1364,69,164415.0391,82.96078066,219,800,345,27.375,43.125,70.5,58,0,9,16286.3109,6,1,21,104,2,47,291.715372,0.213867575,0,0,0,0,0,0,3.1319
2017,30,PEDREGALEJO PLAYA,5.45,1626,97,172056.3127,94.50394318,235,1047,344,22.44508118,32.85577841,55.3008596,64,0,8,14580.7128,39,9,54,310,3,60,2617.360858,1.609693025,0,0,2,0,0,1,2.4226
2017,31,BA헲S DEL CARMEN,10.99,60,3,57283.71242,10.47418149,10,33,17,30.3030303,51.51515152,81.81818182,3,0,0,15726,1,3,2,12,0,0,0,0,0,0,0,0,0,0,2.1754
2017,32,TORRE DE SAN TELMO,7.23,468,24,62479.12481,74.90501851,66,311,91,21.22186495,29.26045016,50.48231511,22,0,4,15795,3,3,30,129,1,24,0,0,0,0,0,0,0,0,2.6146
2017,33,LA VI헤,12.33,280,11,41042.02289,68.22275811,48,201,31,23.88059701,15.42288557,39.30348259,13,0,4,15834.0321,0,0,1,4,0,0,0,0,0,0,0,0,0,1,5.7683
2017,34,HACIENDA PAREDES,7.1,430,15,247284.5652,17.38887341,103,278,61,37.05035971,21.94244604,58.99280576,17,0,3,13914.6419,1,7,2,14,0,0,958.175823,2.228315867,0,0,0,0,0,0,3.6755
2017,35,CERRADO DE CALDERON,6.4,6097,345,1421651.938,42.88672801,1143,4343,614,26.31821322,14.13769284,40.45590606,225,0,37,16857.4583,30,23,26,155,0,0,7093.563144,1.163451393,0,75,0,0,0,3,3.0068
2017,36,EL MORLACO,5.81,717,37,85880.52585,83.48807753,97,450,152,21.55555556,33.77777778,55.33333333,33,0,8,19168.7127,0,4,16,82,0,0,292.985301,0.40862664,0,530,0,0,0,0,2.5178
2017,37,PARQUE DEL MORLACO,0,0,0,164948.6474,0,5,12,1,41.66666667,8.333333333,50,0,1,0,0,0,0,0,0,0,0,1785.37298,0,0,18,0,0,0,0,0
2017,38,EL ROCIO,3.81,300,19,50333.5119,59.60243756,43,202,55,21.28712871,27.22772277,48.51485149,12,1,4,19438,0,0,2,5,0,0,0,0,0,300,0,0,0,0,3.0042
2017,39,LA TORRECILLA,7,292,12,77966.63935,37.45191564,47,186,59,25.2688172,31.72043011,56.98924731,15,1,3,18960.4863,0,0,3,16,0,0,0,0,0,292,0,0,0,1,2.8263
2017,40,PARQUE CLAVERO,0,1510,43,210600.0277,71.69989562,239,1181,90,20.23708721,7.620660457,27.85774767,83,1,11,18134.3762,1,1,2,23,0,0,1544.546898,1.02287874,0,1510,0,0,0,0,3.4269
2017,41,HACIENDA CLAVERO,8.33,794,24,187719.6131,42.29712532,231,532,31,43.42105263,5.827067669,49.2481203,26,0,12,18071,0,3,0,0,0,0,450.818739,0.567781787,0,794,0,0,0,0,3.5004
2017,42,LAS NI헤S,2.71,0,0,382920.5232,0,0,0,0,0,0,0,0,0,0,0,0,0,0,0,0,0,0,0,0,0,0,0,0,0,0
2017,43,EL MAYORAZGO,5.25,1564,47,411694.8453,37.98930247,386,935,243,41.28342246,25.98930481,67.27272727,51,0,10,18717.1029,2,2,2,20,0,0,213.085384,0.136243852,0,1120,0,0,0,3,3.507
2017,44,HACIENDA MIRAMAR,0,773,13,104301.936,74.11175951,142,548,83,25.91240876,15.1459854,41.05839416,28,0,4,18920.6701,0,8,1,6,0,0,1649.271509,2.13359833,0,773,0,0,0,0,3.0415
2017,45,CLAVERO,7.4,70,4,19426.70894,36.032866,6,44,20,13.63636364,45.45454545,59.09090909,3,0,0,22447,1,0,0,0,0,0,0,0,0,70,0,0,0,0,2.9565
2017,46,SANTA PAULA MIRAMAR,7.4,98,7,26497.91599,36.98404057,17,65,16,26.15384615,24.61538462,50.76923077,4,0,1,22447,0,0,1,6,0,0,0,0,0,98,0,0,0,0,3.5872
2017,47,CASTILLO SANTA CATALINA,6.45,0,0,20605.3814,0,0,0,0,0,0,0,0,0,0,0,1,0,0,0,1,16,0,0,0,0,0,0,0,0,0
2017,48,BELLAVISTA,0,603,26,79837.64343,75.52828141,88,361,154,24.3767313,42.65927978,67.03601108,39,0,3,19059.0199,7,5,8,52,1,38,0,0,2,603,0,0,0,1,2.5457
2017,49,EL LIMONAR,6.44,1070,52,135661.2183,78.87294643,177,625,268,28.32,42.88,71.2,28,1,8,19653.5215,6,6,3,19,1,14,0,0,1,1070,1,0,0,1,3.3626
2017,51,LA CALETA,6.17,1514,80,192902.3016,78.48532586,210,903,401,23.25581395,44.40753045,67.66334441,65,0,15,18095.1995,17,10,19,103,4,738,6721.162396,4.439341081,0,1514,3,0,0,1,2.8045
2017,52,LAS PALMERAS,7.8,802,8,107272.5215,74.76285526,113,497,192,22.73641851,38.63179074,61.36820926,37,1,5,20643,0,3,4,21,0,0,0,0,0,802,0,0,0,1,2.8591
2017,53,LOS PINOS,6.56,2165,36,337409.812,64.16529463,346,1571,248,22.02418842,15.78612349,37.8103119,92,1,14,19375.3487,7,11,3,20,0,0,2829.106878,1.306746826,0,762,0,0,11,0,3.3361
2017,54,LA VAGUADA,0,449,6,62492.64176,71.84845886,81,307,61,26.38436482,19.86970684,46.25407166,16,0,3,17572,0,0,0,0,0,0,131.737323,0.29340161,0,449,0,0,0,0,3.5367
2017,55,MONTE SANCHA,6.89,1080,73,226875.6517,47.60316904,205,686,189,29.88338192,27.55102041,57.43440233,47,0,7,19081.5148,3,3,6,45,2,120,0,0,1,1080,0,0,0,1,3.019
2017,56,CA헤DA DE LOS INGLESES,8.56,271,19,53607.1284,50.55297833,38,183,50,20.76502732,27.32240437,48.08743169,12,2,1,18724.8708,2,4,3,16,0,0,0,0,0,271,0,0,0,1,3.8068
2017,57,VENTAJA ALTA,0,207,4,43188.32881,47.92961564,35,134,38,26.11940299,28.35820896,54.47761194,5,0,1,11675.942,0,0,5,26,0,0,0,0,0,207,0,0,0,0,3.1259
2017,58,LA VICTORIA,7.58,2472,328,101596.6704,243.3150604,309,1681,482,18.38191553,28.67340869,47.05532421,109,1,19,10896.0672,16,26,128,647,4,87,131.020117,0.053001665,0,2472,2,0,0,8,2.1816
2017,59,CONDE DE URE헤,6.54,2195,173,112225.0718,195.5890929,326,1482,387,21.99730094,26.11336032,48.11066127,99,2,22,12179.2884,3,7,53,269,3,45,74.951346,0.034146399,0,2084,0,0,0,7,2.448
2017,60,LOS VIVEROS,3.23,417,14,24218.27974,172.1839885,88,302,14,29.13907285,4.635761589,33.77483444,12,0,9,11053.94,1,2,0,0,0,0,0,0,0,404,0,0,0,0,2.6756
2017,61,BARCENILLAS,5.46,2141,247,88257.11959,242.5866616,367,1373,401,26.72978878,29.20611799,55.93590677,54,2,21,9991.419,3,4,27,145,1,34,0,0,0,2141,0,0,0,0,2.4559
2017,62,MONTE DE GIBRALFARO,7.99,0,0,277113.3285,0,0,0,0,0,0,0,0,0,0,0,0,0,0,0,1,76,5220.371164,0,0,0,2,0,0,4,0
2017,63,CAMPOS ELISEOS,7.27,579,39,50185.3722,115.3722638,85,352,142,24.14772727,40.34090909,64.48863636,26,1,3,18590,10,12,16,99,1,149,0,0,0,579,2,0,0,3,4.1329
2017,64,LA MALAGUETA,8.34,4759,400,251526.2964,189.2048692,570,2740,1449,20.80291971,52.88321168,73.68613139,221,1,30,18641.2129,121,84,147,698,3,224,857.813083,0.1802507,0,4759,1,1,0,7,2.7146
2017,66,EL EJIDO,6.77,5193,407,238501.8523,217.734158,894,3501,798,25.53556127,22.79348757,48.32904884,136,1,48,9100.9143,27,22,88,443,1,10,912.862292,0.175787077,1,5193,0,2,1,12,2.478
2017,67,LAGUNILLAS,7.32,1598,148,42842.7968,372.9915223,279,1119,200,24.93297587,17.87310098,42.80607685,38,1,20,7404.5532,9,5,43,222,3,45,153.054085,0.095778526,0,1598,0,0,0,7,2.3599
2017,68,LA MERCED,7.6,1313,264,76978.77278,170.566502,130,979,204,13.27885598,20.83758938,34.11644535,78,0,11,12402.2277,87,23,285,1329,19,599,256.490624,0.19534701,0,1313,6,1,0,9,1.7778
2017,69,LA GOLETA,6.73,3014,553,136607.8495,220.6315385,453,2156,405,21.01113173,18.78478664,39.79591837,113,0,35,9523.3102,23,31,170,820,15,361,373.620387,0.123961641,0,3014,3,1,0,4,2.1855
2017,70,CENTRO HISTORICO,7.52,4662,834,497956.58,93.62262067,399,3289,974,12.13134691,29.6138644,41.74521131,320,1,34,15029.4311,543,736,608,2870,86,3842,2709.612817,0.58121253,1,4662,47,4,0,48,2.4813
2017,71,PUERTO,0,0,0,1989968.687,0,0,0,0,0,0,0,0,0,0,0,2,9,0,0,0,0,2558.033999,0,0,0,2,1,0,1,0
2017,72,ENSANCHE CENTRO,6.86,2416,342,313894.993,76.96841471,251,1518,647,16.53491436,42.62187088,59.15678524,116,0,14,15681.9197,100,115,106,596,20,1318,4140.558021,1.713807128,2,2416,12,3,0,14,2.0039
2017,73,CAPUCHINOS,6.67,2937,271,99689.55302,294.6146222,514,1986,437,25.88116818,22.0040282,47.88519637,76,0,33,8359.8097,8,14,51,227,0,0,173.24772,0.058987988,0,2937,0,0,0,8,2.4633
2017,74,EL MOLINILLO,5.76,3492,351,110756.4705,315.28632,580,2331,581,24.88202488,24.92492492,49.80694981,81,1,37,8337.1644,14,26,49,293,0,0,0,0,0,3492,0,0,0,11,2.4941
2017,75,SAN FELIPE NERI,5.97,1151,134,52951.79529,217.367512,174,850,127,20.47058824,14.94117647,35.41176471,37,0,6,7510.6785,6,14,71,318,3,64,119.172366,0.103538111,0,1151,6,1,0,2,2.0889
2017,76,OLLETAS,6.74,4479,330,135804.7464,329.8117421,686,2871,922,23.89411355,32.11424591,56.00835946,143,1,38,11208.8087,29,30,32,164,2,117,0,0,0,4479,0,0,0,9,2.4265
2017,77,CARLOS HAYA,5.71,1674,127,103767.2323,161.3226028,229,1126,319,20.3374778,28.330373,48.6678508,100,0,17,11229.5102,7,14,7,33,0,0,0,0,1,1674,0,0,0,1,2.395
2017,78,SEGALERVA,5.26,1835,156,104815.586,175.0693832,247,1068,520,23.12734082,48.68913858,71.8164794,22,0,13,8667.479,10,8,6,30,0,0,0,0,1,1835,0,0,10,4,3.1108
2017,79,LAS FLORES,6.05,2752,384,77220.39343,356.3825407,513,1811,428,28.32689122,23.63335174,51.96024296,24,1,33,6018.0203,2,11,1,5,0,0,121.088297,0.044000108,0,2752,0,0,0,3,2.6335
2017,80,PINARES DE OLLETAS,5.61,2559,109,158311.6247,161.6432151,390,1750,419,22.28571429,23.94285714,46.22857143,53,2,20,10103.9402,9,12,7,48,1,10,736.411151,0.287773017,0,2521,0,0,0,2,2.6528
2017,81,LOS ANTONIOS,7.94,724,5,112202.8983,64.52596243,178,508,38,35.03937008,7.480314961,42.51968504,17,1,7,12321,2,1,0,0,0,0,0,0,0,0,0,0,0,2,3.1067
2017,82,SIERRA BLANQUILLA,0,444,4,46652.09489,95.17257501,57,295,92,19.3220339,31.18644068,50.50847458,11,0,2,12321,2,0,0,0,0,0,167.305731,0.376814709,0,0,0,0,0,1,4.4301
2017,83,SANTA AMALIA,4.17,1139,21,96074.57284,118.5537407,140,896,103,15.625,11.49553571,27.12053571,29,2,6,12086,0,2,0,0,0,0,197.170711,0.173108614,0,890,0,0,0,1,2.872
2017,84,LOS NARANJOS,6.54,709,27,66265.16004,106.9943843,87,460,162,18.91304348,35.2173913,54.13043478,10,1,6,10056.2116,2,3,0,0,0,0,482.770077,0.680916893,0,709,0,0,0,5,2.3972
2017,85,PARQUE DEL SUR,4.65,3151,205,55484.01911,567.9112744,417,1831,903,22.7744402,49.31731294,72.09175314,28,0,23,8585.821,12,11,2,13,0,0,0,0,0,3151,0,0,0,0,2.461
2017,86,CIUDAD JARD펥,4.46,7879,348,743693.3161,105.9442088,1241,5115,1581,24.26197458,30.90909091,55.17106549,114,0,64,8990.5055,52,101,11,52,2,53,4562.978183,0.579131639,2,7424,1,0,29,10,2.7987
2017,87,HERRERA ORIA,6.55,752,46,69360.17714,108.4195616,126,482,144,26.14107884,29.87551867,56.01659751,5,0,5,8470,1,5,0,0,0,0,679.85561,0.904063311,0,752,0,0,0,0,4.6128
2017,88,MANGAS VERDES,3.89,1942,54,113335.8753,171.349098,327,1315,300,24.86692015,22.81368821,47.68060837,13,0,11,6755.9295,1,0,0,0,0,0,317.728293,0.163608802,0,1034,0,0,0,5,2.8732
2017,89,MONTE DORADO,3.39,500,7,187719.1765,26.6355313,90,339,71,26.54867257,20.9439528,47.49262537,5,3,6,7042.17,1,1,0,0,1,8,281.602164,0.563204328,0,0,0,0,0,0,2.9877
2017,90,SAN MIGUEL,5.99,1995,173,157935.786,126.3171603,354,1305,336,27.12643678,25.74712644,52.87356322,51,1,16,8679.4015,2,10,13,72,0,0,1131.867879,0.56735232,0,1995,0,0,0,5,2.3353
2017,91,LOS CASINIS,2.97,1085,16,59028.65454,183.8090345,156,842,87,18.52731591,10.33254157,28.85985748,14,2,5,8491.3152,4,8,1,4,0,0,332.04663,0.30603376,0,1085,0,0,1,0,3.4085
2017,92,LOS CIPRESES,2.99,1267,40,78738.57291,160.9122382,196,843,228,23.25029656,27.04626335,50.29655991,11,3,8,8580.925,2,1,1,4,0,0,374.335723,0.295450452,0,156,0,0,0,3,3.0018
2017,93,CORTIJO BAZAN,4.92,2503,54,271693.3954,92.12590526,397,1639,467,24.22208664,28.49298353,52.71507016,39,0,23,8834.9948,6,7,0,0,0,0,307.709736,0.122936371,0,1346,0,0,0,2,2.7234
2017,94,SAGRADA FAMILIA,4.86,1858,93,75005.43903,247.7153689,287,1142,429,25.13134851,37.56567426,62.69702277,32,2,17,8459.5011,6,8,1,7,0,0,160.637127,0.086457011,0,1033,0,0,0,1,3.2378
2017,95,JARDIN VIRGINIA,0,362,4,27618.39429,131.072066,47,269,46,17.47211896,17.10037175,34.57249071,5,1,3,9122,1,0,0,0,0,0,766.294235,2.116834903,0,362,0,0,0,1,2.691
2017,96,HACIENDA LOS MONTES,3.76,1630,20,111672.1448,145.9629886,248,1228,154,20.19543974,12.54071661,32.73615635,23,4,4,9260.454,8,4,0,0,0,0,2868.555793,1.75985018,0,1598,0,0,3,4,3.499
2017,97,JARDIN DE MALAGA,4.65,4143,125,214699.8796,192.9670388,644,2677,822,24.05677998,30.70601419,54.76279417,46,5,28,8557.5692,11,25,0,0,0,0,363.523261,0.087743968,0,4143,1,1,0,5,2.9248
2017,98,SAN JOSE,4.15,802,14,119729.1277,66.98453547,66,519,217,12.71676301,41.81117534,54.52793834,4,1,1,11164,3,0,2,12,0,0,0,0,0,802,0,0,0,1,3.518
2017,99,ALEGRIA DE LA HUERTA,4.79,2334,67,75642.65575,308.5560623,382,1611,296,23.71198014,18.37368094,42.08566108,18,0,16,7897.8179,6,5,0,0,0,0,300.00724,0.128537806,0,2289,0,0,0,9,2.6527
2017,100,HUERTA NUEVA,5.48,1653,28,246882.8025,66.95484592,512,1109,32,46.16771867,2.885482417,49.05320108,16,0,25,7429,0,0,0,0,0,0,2499.616775,1.512169858,0,1653,0,0,0,2,2.8317
2017,101,FINCA SAN JOSE,0,106,4,236465.3337,4.482686673,1,93,12,1.075268817,12.90322581,13.97849462,1,0,0,11164,2,0,0,0,0,0,0,0,1,106,0,0,0,1,22.8
2017,102,FINCA LA CONCEPCION,0,0,0,301466.9142,0,0,0,0,0,0,0,0,0,0,0,1,1,0,0,0,0,2447.06708,0,0,0,0,0,0,0,0
2017,103,LAS VIRREINAS,3.43,6620,135,499922.7364,132.4204626,1926,4451,243,43.27117502,5.459447315,48.73062233,86,0,99,8448.7879,23,14,2,8,0,0,2288.320684,0.345667777,0,1252,0,0,0,7,2.8375
2017,104,VIRREINA,5.41,1240,173,73400.98199,168.9350696,239,842,159,28.3847981,18.88361045,47.26840855,7,1,12,6425,0,6,0,0,0,0,343.009648,0.276620684,0,1184,0,0,7,7,2.7433
2017,105,VIRREINA ALTA,0,59,8,14271.03907,41.34246967,10,41,8,24.3902439,19.51219512,43.90243902,0,2,1,4857,0,0,0,0,0,0,0,0,0,0,0,0,0,0,2.6508
2017,106,26 DE FEBRERO,0,1450,517,29426.60808,492.7513209,316,1041,93,30.35542747,8.933717579,39.28914505,0,1,18,3431,7,0,0,0,0,0,0,0,0,1069,0,0,0,2,2.7135
2017,107,LA PALMILLA,0,1317,474,28885.00516,455.9459113,281,923,113,30.44420368,12.24268689,42.68689057,0,1,23,3431,7,5,0,0,0,0,0,0,0,1178,0,0,0,1,2.8944
2017,108,LA PALMA,2.1,8743,1268,258047.0738,338.8141502,1774,5807,1162,30.54933701,20.01033236,50.55966936,19,0,81,4729.5846,7,8,0,0,0,0,317.33421,0.036295803,0,5805,0,0,0,6,3.1226
2017,109,LA ROSALEDA,0,29,12,196700.3669,1.474323635,6,18,5,33.33333333,27.77777778,61.11111111,0,1,0,5443,5,6,0,0,0,0,216.861326,7.477976759,1,29,2,1,3,8,2.5778
2017,110,LA ROCA,4.15,3179,74,260430.8296,122.0669613,436,2156,587,20.22263451,27.22634508,47.44897959,58,0,14,11065.7729,23,62,6,32,0,0,3058.906487,0.962222865,1,3179,0,1,0,6,2.786
2017,111,MARTIRICOS,6.4,2528,239,203130.0739,124.4522759,388,1556,584,24.93573265,37.53213368,62.46786632,19,1,23,8787.8956,19,11,6,29,0,0,1035.096591,0.409452765,0,2528,1,0,0,9,2.4011
2017,112,ARROYO DE LOS ANGELES,4.9,1179,63,186521.9495,63.20971892,153,823,203,18.59052248,24.66585662,43.2563791,20,1,8,10122.6904,11,35,1,2,0,0,66.010506,0.055988555,1,1179,0,0,0,7,2.5453
2017,113,ARROYO DEL CUARTO,5.09,4044,495,193156.8622,209.363517,524,2583,937,20.28648858,36.27564847,56.56213705,105,0,29,10484.3848,28,46,5,25,0,0,1552.860782,0.383991291,0,4044,0,0,7,2,2.4167
2017,114,PARQUE VICTORIA EUGENIA,5.51,7445,560,186735.6049,398.6920439,1057,4442,1946,23.79558757,43.809095,67.60468258,89,0,57,8330.6173,34,61,2,10,0,0,790.026532,0.106115048,1,7445,0,0,0,21,2.8075
2017,115,MIRAFLORES DE LOS ANGELES,5.99,2487,287,42491.47302,585.293901,442,1606,439,27.52179328,27.33499377,54.85678705,30,0,27,7161.957,7,10,1,5,0,0,300.765994,0.120935261,0,2487,0,0,0,9,3.6695
2017,116,PAVERO,3.48,1364,223,33142.72918,411.5533131,279,912,173,30.59210526,18.96929825,49.56140351,8,2,10,5217,2,2,0,0,0,0,0,0,0,1364,0,0,0,0,3.2707
2017,117,SUAREZ,6.17,7787,684,166814.381,466.8062763,1226,5101,1460,24.03450304,28.62183886,52.65634189,149,0,62,8811.1201,25,76,5,20,0,0,273.495474,0.035122059,0,7787,0,0,0,5,2.6611
2017,118,LA BRESCA,5.8,1090,163,23904.14619,455.9878404,147,719,224,20.44506259,31.15438108,51.59944367,27,1,8,8239,4,6,2,10,0,0,0,0,0,1090,0,0,0,2,2.3519
2017,119,CAMINO DE SUAREZ,6.16,1434,137,30344.96361,472.5660635,242,938,254,25.79957356,27.07889126,52.87846482,24,0,16,8455,5,16,4,20,0,0,0,0,0,1434,0,0,0,0,2.488
2017,120,HAZA DEL CAMPILLO,6.66,1831,141,88438.7805,207.0358716,296,1179,356,25.10602205,30.19508058,55.30110263,22,1,19,8374.8372,3,11,5,18,1,20,761.339995,0.415805568,0,1831,0,0,8,4,2.6735
2017,121,GAMARRA,6.17,4245,667,144460.9771,293.8509821,534,2610,1101,20.45977011,42.18390805,62.64367816,91,0,26,9537.7736,29,46,9,53,0,0,0,0,0,4245,0,0,0,12,2.4106
2017,122,LA TRINIDAD,6.21,17152,2478,629403.6902,272.5119072,2387,11455,3310,20.83806198,28.89567874,49.73374072,439,0,130,8945.8936,79,202,236,1175,8,329,753.836429,0.043950352,2,17152,3,0,11,45,2.7398
2017,123,LOS CASTILLEJOS,4.45,2034,38,78627.06843,258.6895379,278,1530,226,18.16993464,14.77124183,32.94117647,38,0,8,10606.6667,39,20,0,0,0,0,337.77937,0.166066554,1,2034,0,0,0,6,2.9614
2017,124,PARQUE ARROYO DEL CUARTO,0,165,5,91729.86538,17.98759862,24,141,0,17.0212766,0,17.0212766,0,0,2,11161,0,0,0,0,0,0,2092.562699,12.68219818,0,165,0,0,11,5,1.9177
2017,125,LA ENCARNACION,2.7,487,10,26492.06014,183.8286632,50,365,72,13.69863014,19.7260274,33.42465753,13,0,1,11919,0,0,0,0,0,0,0,0,0,487,0,0,0,0,2.6471
2017,126,SAN MARTIN,5.24,1517,153,63371.61076,239.3816382,195,1039,283,18.7680462,27.23772859,46.00577478,19,2,11,8272,3,4,0,0,0,0,98.729791,0.065082262,0,1517,0,0,0,0,2.6541
2017,127,LOS MILLONES,4.4,1447,89,32020.18896,451.9023926,190,976,281,19.46721311,28.79098361,48.25819672,27,1,10,10597.1887,1,1,0,0,0,0,0,0,0,1447,0,0,0,1,2.5238
2017,128,HAZA CUEVAS,6.25,991,149,50864.59532,194.8310006,166,659,166,25.18968134,25.18968134,50.37936267,13,0,9,8304,0,2,6,30,0,0,429.878629,0.433782673,0,728,0,0,0,3,2.5029
2017,129,NUEVA MALAGA,4.61,3021,265,58291.62064,518.2563063,431,1765,825,24.41926346,46.74220963,71.16147309,47,1,27,9009.3039,8,18,1,5,0,0,0,0,0,3021,1,0,0,3,2.4652
2017,130,CAMINO DE ANTEQUERA,5.89,6680,404,355924.3635,187.6803244,956,4522,1202,21.14108801,26.58115878,47.72224679,151,1,47,11281.5479,12,17,13,61,1,112,682.784091,0.102213187,3,6680,0,0,0,6,3.4295
2017,131,PORTADA ALTA,5.48,2284,202,78814.88118,289.7929891,426,1530,328,27.84313725,21.4379085,49.28104575,12,1,29,6646.5727,2,0,0,0,0,0,0,0,0,2284,0,0,0,2,4.6657
2017,132,CARRANQUE,6.07,5836,501,452954.7009,128.8429061,866,3832,1138,22.59916493,29.69728601,52.29645094,88,0,53,8527.8675,28,44,7,37,0,0,1226.97721,0.210242839,0,5836,0,0,0,8,2.7728
2017,133,POL ALAMEDA,5.08,6324,358,397556.7083,159.0716461,633,3653,2038,17.32822338,55.78976184,73.11798522,203,1,35,15419.6725,66,107,20,115,0,0,5937.507087,0.938884739,1,5831,1,0,0,10,2.8886
2017,134,LOS TILOS,5.13,4260,649,106547.9246,399.8200824,469,2808,983,16.7022792,35.00712251,51.70940171,94,2,26,10321.1793,29,36,20,113,1,20,120.400265,0.028262973,0,4260,1,0,0,14,2.7631
2017,135,CRUZ DEL HUMILLADERO,5.33,4856,531,209739.2013,231.5256266,609,3005,1242,20.26622296,41.33111481,61.59733777,85,0,35,9470.1013,24,58,7,45,1,33,267.389409,0.055063717,0,4856,0,0,10,17,2.55
2017,136,4 DE DICIEMBRE,1.72,1817,118,28565.03664,636.0923051,381,1272,164,29.95283019,12.89308176,42.84591195,1,0,21,4927.9637,1,6,0,0,0,0,0,0,0,1817,0,0,0,4,2.9678
2017,137,NUCLEO GRAL FRANCO,7.32,825,73,31947.16283,258.2388941,187,562,76,33.27402135,13.52313167,46.79715302,5,1,15,6636,1,0,0,0,0,0,0,0,1,825,0,0,0,5,2.6059
2017,138,TIRO DE PICHON,5.72,3477,135,222810.1925,156.052107,718,2494,353,28.78909383,14.15396953,42.94306335,41,0,37,8880.5237,12,21,2,6,0,0,319.18925,0.091800187,1,3565,0,0,4,7,2.8792
2017,139,SANTA JULIA,2.66,1683,267,48327.29217,348.2504242,295,1061,327,27.80395853,30.81998115,58.62393968,10,0,15,6997,8,22,0,0,0,0,0,0,0,1683,0,0,0,5,2.4912
2017,140,SANTA MARTA,5.79,4666,587,61220.24684,762.1661527,604,2825,1237,21.38053097,43.78761062,65.16814159,91,1,33,8287.9799,23,119,8,43,0,0,0,0,0,4666,0,0,0,12,2.4705
2017,141,LA UNION,5.75,5410,565,183259.0868,295.2104637,738,3400,1272,21.70588235,37.41176471,59.11764706,74,0,43,8610.4506,14,49,9,55,0,0,944.780408,0.174635935,1,5410,0,0,1,4,2.5974
2017,142,R.E.N.F.E.,7.92,45,22,127593.6539,3.526821171,8,33,4,24.24242424,12.12121212,36.36363636,1,0,2,12527,37,79,0,0,1,440,190.621299,4.236028867,0,45,0,1,0,2,1.9456
2017,143,LA PRINCESA,5.93,4971,558,138377.335,359.2351305,679,3460,832,19.62427746,24.04624277,43.67052023,123,0,29,9780.6389,22,26,23,114,1,24,524.212949,0.105454224,0,4899,0,0,0,10,2.5861
2017,144,NTRA SRA DEL CARMEN,4.08,723,65,23567.15236,306.7829278,93,441,189,21.08843537,42.85714286,63.94557823,8,1,6,9113,9,14,0,0,0,0,196.125648,0.271266456,0,723,0,0,0,2,4.9633
2017,145,LA ASUNCION,5.21,1762,202,35044.83194,502.7845484,208,1086,468,19.15285451,43.09392265,62.24677716,17,1,17,8653.7026,12,29,3,28,0,0,85.873783,0.04873654,0,1762,0,0,0,2,2.3345
2017,146,POL IND RONDA EXTERIOR,0,22,0,285015.6412,0.771887462,0,20,2,0,10,10,0,0,0,8817,7,26,0,0,0,0,0,0,0,22,0,0,0,3,9.5
2017,147,SAN RAFAEL,5.21,6398,487,134952.094,474.0941627,1097,4275,1026,25.66081871,24,49.66081871,84,1,41,8132.4261,22,59,4,23,1,12,669.449862,0.104634239,0,6398,0,0,0,5,2.8754
2017,148,SANTA CRISTINA,4.98,1805,62,108718.5344,166.025049,214,1282,309,16.69266771,24.10296412,40.79563183,16,1,10,10362.9751,7,4,0,0,0,0,994.432943,0.550932378,0,1805,0,0,0,1,2.9479
2017,149,CEMENTERIO SAN RAFAEL,0,0,0,80920.55911,0,0,0,0,0,0,0,0,1,0,0,0,2,0,0,0,0,352.724001,0,0,0,0,0,0,1,0
2017,150,LA BARRIGUILLA,4.24,1932,63,255196.6319,75.70632833,337,1397,198,24.12312097,14.17322835,38.29634932,28,0,14,10137.3302,10,40,0,0,0,0,362.898315,0.187835567,0,1932,0,0,0,3,2.8619
2017,151,POL CTRA DE CARTAMA,4.38,6156,300,352009.6818,174.8815535,757,3831,1568,19.75985382,40.92926129,60.68911511,62,1,45,8992.1262,24,27,4,26,1,219,2043.689022,0.331983272,1,6156,0,0,0,14,2.7856
2017,152,LA AURORA,8.06,1067,34,106387.5191,100.2937195,140,727,200,19.25722146,27.51031637,46.76753783,38,2,8,17248,27,108,7,33,1,228,1034.696815,0.969725225,0,1067,0,1,0,5,2.5606
2017,153,PERCHEL SUR,7.21,3523,357,159223.6013,221.261168,421,2256,846,18.66134752,37.5,56.16134752,146,0,18,13801.6202,49,82,56,269,3,305,184.056954,0.052244381,0,3523,2,0,0,16,3.2338
2017,154,EXPLANADA DE LA ESTACI흁,5.52,1351,147,41237.15744,327.6171501,150,887,314,16.91093574,35.40022548,52.31116122,40,1,16,12527,24,20,9,39,4,147,572.857499,0.424024796,0,1351,0,0,0,2,2.3681
2017,155,PLAZA DE TOROS VIEJA,6.88,2590,206,98907.96106,261.8596089,373,1743,474,21.39988526,27.19449225,48.59437751,134,0,23,13821.3583,19,27,54,279,4,488,0,0,0,2590,0,0,11,2,2.4629
2017,156,EL BULTO,4.53,919,217,302053.7617,30.42504734,90,714,115,12.60504202,16.10644258,28.71148459,28,1,7,11823.3177,5,2,1,4,0,0,2014.000913,2.191513507,0,919,0,0,0,0,4.4972
2017,157,PARQUE AYALA,5.93,4217,436,146717.9239,287.4222785,589,2729,899,21.58299743,32.94246977,54.5254672,121,1,34,11243.6512,20,21,32,202,2,287,624.091624,0.14799422,0,4217,0,0,0,7,2.5831
2017,158,JARDIN DE LA ABADIA,6.08,5957,867,212661.1614,280.1169692,740,4003,1214,18.4861354,30.32725456,48.81338996,129,1,44,9335.4689,32,47,23,139,0,0,1678.303891,0.281736426,1,5957,0,0,11,24,2.5078
2017,159,HUELIN,6.13,8314,1029,288713.8557,287.9667822,1136,5488,1690,20.69970845,30.79446064,51.4941691,157,0,49,9266.6632,84,93,40,242,3,43,1828.224442,0.219897094,0,7316,1,0,0,22,2.5415
2017,160,LAS CHAPAS,4.92,2021,252,63349.09861,319.0258495,280,1282,459,21.84087363,35.80343214,57.64430577,44,1,11,10391.5126,6,22,4,21,0,0,0,0,0,2021,1,0,0,4,2.3139
2017,161,ALASKA,5.91,1281,141,25080.72818,510.750721,251,840,190,29.88095238,22.61904762,52.5,18,0,12,7601,0,13,2,11,1,17,170.016593,0.132721774,0,57,0,0,0,1,2.9508
2017,162,25 A헲S DE PAZ,5.73,2092,269,69760.59828,299.8827492,324,1433,335,22.60990928,23.37752966,45.98743894,28,1,14,7405.1525,2,5,13,70,0,0,0,0,0,348,0,0,0,1,3.4372
2017,163,REGIO,5.57,2067,348,45261.99697,456.6745037,354,1423,290,24.87702038,20.37947997,45.25650035,42,0,17,8123,5,17,11,64,2,66,0,0,0,1391,1,0,0,2,4.0317
2017,164,SAN CARLOS CONDOTE,5.22,1699,178,35914.04629,473.0739572,234,1093,372,21.40896615,34.0347667,55.44373285,17,2,8,9526.01,15,16,3,20,0,0,0,0,0,1699,0,0,0,4,2.3992
2017,165,GIRON,5.31,2404,146,136908.8459,175.5912837,336,1571,497,21.38765118,31.6359007,53.02355188,27,0,22,8292.5815,10,6,11,70,0,0,0,0,0,2098,0,0,4,11,3.956
2017,166,TORRES DE LA SERNA,5.7,222,16,28503.24793,77.88586078,33,137,52,24.08759124,37.95620438,62.04379562,9,0,4,14908,1,2,0,0,0,0,572.065769,2.576872833,0,0,0,0,1,0,2.42
2017,167,DOS HERMANAS,5.47,2044,153,208577.0008,97.9973819,360,1366,318,26.35431918,23.27964861,49.63396779,10,0,25,6743.2368,3,3,3,14,0,0,139.194619,0.068099129,0,2044,0,0,0,9,2.7592
2017,168,HAZA DE LA PESEBRERA,0,537,39,21404.5776,250.8809144,57,428,52,13.31775701,12.14953271,25.46728972,3,0,0,6960,7,8,0,0,0,0,0,0,0,537,0,0,0,5,3.0575
2017,169,NUEVO SAN ANDRES 1,4.88,5358,488,57408.09111,933.3179168,841,3479,1038,24.17361311,29.83615982,54.00977292,42,0,47,6955.4313,10,28,1,2,0,0,393.129704,0.073372472,0,5257,0,0,0,9,2.736
2017,170,EL TORCAL,4.9,2929,116,124897.8996,234.5115497,291,2125,513,13.69411765,24.14117647,37.83529412,59,0,15,10262.5473,35,47,0,0,0,0,618.024161,0.211001762,1,2929,1,0,8,19,2.9255
2017,171,HAZA ONDA,6.25,2176,193,47594.82339,457.1925779,404,1446,326,27.93914246,22.54495159,50.48409405,38,1,21,8705.9449,18,36,5,22,0,0,0,0,0,2176,0,0,0,7,2.3253
2017,172,PEINADO GRANDE,0,67,5,83935.01916,7.982365486,10,44,13,22.72727273,29.54545455,52.27272727,1,1,0,12321,0,0,0,0,0,0,0,0,0,0,0,0,0,0,4.2334
2017,173,VISTAFRANCA,5.08,7877,596,144329.2325,545.7660838,1166,5239,1472,22.25615575,28.09696507,50.35312082,56,1,50,7924.8046,30,63,2,8,0,0,351.089385,0.044571459,0,7406,0,0,0,15,2.6926
2017,174,CORTIJO VALLEJO,5.69,967,85,21433.83915,451.1557603,124,616,227,20.12987013,36.85064935,56.98051948,12,1,8,9131,5,9,0,0,0,0,0,0,0,967,0,0,0,1,2.4523
2017,175,LAS DELICIAS,5.89,3568,229,48417.86486,736.9180798,504,2103,961,23.9657632,45.69662387,69.66238707,42,2,25,8293.8882,25,48,6,29,0,0,145.958165,0.040907557,0,3568,0,0,0,2,2.4925
2017,176,AVE MARIA,6.08,658,14,63290.98697,103.9642501,103,483,72,21.32505176,14.9068323,36.23188406,25,1,3,14908,6,2,1,6,0,0,0,0,0,658,0,0,0,0,2.8791
2017,177,PACIFICO,7.2,478,60,159475.3987,29.97327511,82,321,75,25.54517134,23.36448598,48.90965732,18,1,4,14908,26,4,20,127,0,0,0,0,0,0,0,0,2,1,2.4127
2017,178,ARDIRA,0,556,56,21988.26217,252.8621843,84,322,150,26.08695652,46.58385093,72.67080745,7,1,7,8472,4,2,3,12,0,0,124.0189,0.223055576,0,556,0,0,0,1,2.8387
2017,179,LA LUZ,5.36,8821,874,135411.5263,651.4216509,1219,5647,1955,21.58668319,34.62015229,56.20683549,63,1,65,7808.0693,50,106,2,11,0,0,663.915261,0.075265306,0,8821,1,0,0,11,2.9668
2017,180,SIXTO,4.94,1156,81,29145.27771,396.6337228,195,747,214,26.10441767,28.64792503,54.7523427,19,0,10,8726,3,8,4,23,0,0,346.441844,0.299690176,0,1156,0,0,0,5,2.5012
2017,181,PARQUE MEDITERRANEO,5.44,3555,129,219647.9721,161.8498895,373,2167,1015,17.2127365,46.83894785,64.05168436,105,1,21,13573.1277,21,25,2,10,0,0,2754.549945,0.774838241,1,3533,0,0,0,5,2.6816
2017,182,SAN ANDRES,6.82,1184,51,130115.1987,90.99628725,217,836,131,25.9569378,15.66985646,41.62679426,54,0,13,16329,8,0,21,132,0,0,5995.135149,5.063458741,0,427,0,0,0,2,3.5903
2017,183,LOS GIRASOLES,5.6,2415,168,39615.0933,609.6161334,373,1502,540,24.83355526,35.95206391,60.78561917,21,1,22,8006.9404,10,22,2,11,0,0,0,0,0,2415,0,0,0,3,2.7068
2017,184,VIRGEN DE BELEN,3.02,1165,96,61787.99967,188.5479391,177,748,240,23.6631016,32.0855615,55.7486631,26,1,8,9367.897,6,6,1,6,0,0,248.295014,0.213128767,0,1165,0,0,0,0,2.5894
2017,185,LA PAZ,5.04,3622,226,71132.04329,509.1938643,471,2053,1098,22.94203604,53.48270823,76.42474428,72,1,20,10148.0315,20,79,3,19,0,0,244.275828,0.06744225,0,3138,1,0,0,3,2.4314
2017,186,POL IND LOS GUINDOS,6.05,1245,89,98036.1551,126.9939645,189,801,255,23.59550562,31.83520599,55.43071161,14,0,12,9391.5735,13,18,2,13,0,0,79.071078,0.063510906,0,1075,0,1,0,9,3.4112
2017,187,SANTA ISABEL,8.38,478,15,21576.27209,221.5396608,92,320,66,28.75,20.625,49.375,23,3,3,16329,6,1,6,29,1,210,0,0,0,32,0,0,0,1,4.6086
2017,188,SANTA PAULA,6.04,1991,88,87339.45791,227.9611126,248,1477,266,16.79079215,18.00947867,34.80027082,36,0,17,10150.0578,21,8,0,0,0,0,1043.363193,0.524039775,0,1231,1,1,0,2,2.7851
2017,189,SAN CARLOS,8.34,1025,55,65350.60656,156.8462871,163,722,140,22.57617729,19.39058172,41.966759,43,0,5,14522,13,1,7,36,0,0,159.910714,0.156010453,0,28,0,0,0,0,2.751
2017,190,PARQ EMP SANTA BARBARA,0,6,2,194080.9923,0.309149285,3,3,0,100,0,100,0,3,0,8833,9,86,0,0,0,0,581.164217,96.86070283,0,3,1,0,0,1,4
2017,191,LOS GUINDOS,5.1,1738,54,208394.5005,83.39951369,177,1255,306,14.10358566,24.38247012,38.48605578,40,4,8,11268.481,37,12,2,7,0,0,910.804451,0.524053194,0,1738,1,1,2,7,2.6629
2017,192,PUERTA BLANCA,6.1,4724,324,122556.7153,385.4541947,777,3004,943,25.86551265,31.39147803,57.25699068,70,1,39,8760.4964,23,21,3,16,0,0,1125.910344,0.238338345,0,4724,0,0,1,3,2.4335
2017,193,GUADALJAIRE,5.08,1559,26,159286.5347,97.87393535,288,1161,110,24.80620155,9.47459087,34.28079242,15,1,4,9904,20,25,3,14,0,0,887.472852,0.569257763,1,1559,0,0,1,3,3.0526
2017,194,POL IND GUADALJAIRE,0,0,0,41914.09706,0,0,0,0,0,0,0,0,0,0,0,2,4,0,0,0,0,0,0,0,0,0,0,0,0,0
2017,195,POL IND CARRANZA,0,0,0,38059.28487,0,0,0,0,0,0,0,0,0,0,0,0,3,0,0,0,0,0,0,0,0,0,0,0,0,0
2017,196,POL COM VALDICIO,0,0,0,88613.26804,0,0,0,0,0,0,0,0,1,0,0,0,0,0,0,2,590,0,0,0,0,0,0,0,0,0
2017,197,LOS MORALES,5.6,801,25,101242.3615,79.11707988,141,519,140,27.16763006,26.97495183,54.14258189,12,1,8,9757.3458,3,3,0,0,0,0,0,0,0,733,0,0,4,1,2.6914
2017,198,ALMUDENA,7.54,3706,159,186535.5318,198.6752853,655,2771,402,23.63767593,14.50739805,38.14507398,133,1,38,11379.6287,24,17,15,72,0,0,1943.693225,0.524471998,1,3828,0,0,0,1,2.7104
2017,199,TORRE DEL RIO,0,3,0,131048.2847,0.228923256,0,3,0,0,0,0,0,1,0,12104,0,0,0,0,0,0,0,0,0,3,0,0,0,0,3
2017,200,MAINAKE,5.61,3543,72,270379.6683,131.0379594,639,2508,396,25.4784689,15.78947368,41.26794258,66,1,19,10545.0344,18,17,5,40,0,0,454.517738,0.128286124,0,3543,0,0,0,0,3.0357
2017,201,PALACIO DEPORTES,0,0,0,330391.6364,0,0,0,0,0,0,0,0,1,0,0,0,0,0,0,0,0,2335.504383,0,0,0,0,2,37,0,0
2017,202,NUEVO SAN ANDRES 2,4.52,1396,102,54814.14678,254.6787795,251,942,218,26.64543524,23.14225053,49.78768577,6,2,6,6478.2636,4,6,1,8,0,0,150.187571,0.10758422,0,1411,0,0,2,0,3.1071
2017,203,EL DUENDE,3.84,1109,10,176819.8099,62.71921684,340,722,47,47.09141274,6.509695291,53.60110803,14,2,10,8706,2,4,1,4,0,0,693.010188,0.624896472,0,0,0,0,1,0,5.2702
2017,204,CORTIJO DE TORRES,4.92,2500,59,103217.4943,242.2070035,350,1871,191,18.70657402,10.20844468,28.91501871,37,2,19,9066.332,12,9,2,10,0,0,850.386235,0.340154494,0,91,0,0,0,2,3.7217
2017,205,CORTIJO ALTO,4.63,4912,101,444521.6863,110.5007956,1177,3438,297,34.23502036,8.638743455,42.87376382,90,0,32,8747.7333,12,34,3,17,0,0,4036.128088,0.821687314,0,1289,0,0,12,2,2.8005
2017,206,PARQ EMP ALAMEDA,0,2,0,394525.9275,0.050693753,0,1,1,0,100,100,1,0,0,8882,20,86,1,6,0,0,979.903098,489.951549,0,0,0,0,0,2,1
2017,207,PARQ EMP EL VISO,0,59,13,925499.5791,0.637493537,4,53,2,7.547169811,3.773584906,11.32075472,1,4,0,6965,26,182,0,0,0,0,0,0,0,0,0,0,0,9,16.25
2017,209,SAN JOSE DEL VISO,4.95,618,44,201986.7711,30.59606312,90,433,95,20.7852194,21.93995381,42.72517321,6,0,5,6965,3,3,0,0,0,0,0,0,0,0,0,0,0,0,2.5753
2017,210,INTELHORCE,3.71,1812,58,241999.4583,74.87620068,515,1180,117,43.6440678,9.915254237,53.55932203,17,1,33,9291,0,0,0,0,0,0,114.907078,0.063414502,0,0,0,0,0,0,2.7622
2017,211,SANCHEZ BLANCA,2.54,440,10,86682.72934,50.75982302,66,308,66,21.42857143,21.42857143,42.85714286,4,0,5,9291,1,7,0,0,0,0,285.547966,0.64897265,0,0,0,0,0,0,3.0383
2017,212,PARQ EMP SAN LUIS,0,5,3,693495.8999,0.07209848,1,3,1,33.33333333,33.33333333,66.66666667,0,0,0,8598,13,106,0,0,0,0,270.587158,54.1174316,0,0,0,2,3,4,1.1666
2017,213,PARQ EMP LA ESTRELLA,0,3,0,261961.7286,0.114520545,0,3,0,0,0,0,0,0,0,8598,6,39,0,0,0,0,0,0,0,0,0,1,0,0,1
2017,214,PARQ EMP PEREZ TEXEIRA,0,0,0,59945.40226,0,0,0,0,0,0,0,0,0,0,0,0,1,0,0,0,0,0,0,0,0,0,0,0,0,0
2017,215,LA ESTACION,0,0,0,156245.099,0,0,0,0,0,0,0,0,0,0,0,0,0,0,0,0,0,0,0,0,0,0,1,0,0,0
2017,216,LOS PRADOS,3.77,1955,160,202472.6328,96.55625911,333,1335,287,24.94382022,21.49812734,46.44194757,23,0,19,8598,10,10,4,37,3,220,380.94748,0.194858046,0,0,0,0,0,2,2.9447
2017,217,ESTACI흁 LOS PRADOS,0,16,0,525723.2963,0.30434261,0,11,5,0,45.45454545,45.45454545,0,0,0,8598,0,0,0,0,0,0,0,0,0,0,0,0,0,3,2.1111
2017,218,PARQ EMP GUADALHORCE,0,4,0,2413250.402,0.016575155,0,1,3,0,300,300,0,1,0,8833,40,210,0,0,2,173,3329.185132,832.296283,0,0,0,0,0,10,1
2017,219,PARQ EMP SANTA CRUZ,0,3,0,217020.0616,0.138236068,0,3,0,0,0,0,0,0,0,8833,3,17,0,0,0,0,0,0,0,0,0,0,0,1,12
2017,220,PARQ EMP SANTA TERESA,0,0,0,386592.1909,0,0,0,0,0,0,0,0,0,0,0,3,12,0,0,0,0,0,0,0,0,0,0,0,1,0
2017,221,POL IND EL TARAJAL,0,8,0,768371.5021,0.104116303,0,0,0,0,0,0,0,1,0,7630,0,0,0,0,0,0,0,0,0,0,0,0,0,0,8
2017,222,EL TARAJAL,2.46,819,48,302961.2078,27.03316395,125,542,152,23.06273063,28.04428044,51.10701107,5,2,4,7630,3,3,0,0,0,0,444.195121,0.542362785,0,0,0,0,0,1,2.7307
2017,223,PARQ EMP LA HUERTECILLA,0,2,0,131181.53,0.152460487,0,2,0,0,0,0,0,0,0,7630,3,17,0,0,0,0,0,0,0,0,0,0,0,0,2
2017,224,MERCAMALAGA,0,0,0,336202.438,0,0,0,0,0,0,0,0,0,0,0,2,2,0,0,0,0,0,0,0,0,0,0,0,0,0
2017,225,AMONIACO,0,2,2,1373585.28,0.014560436,0,2,0,0,0,0,0,0,0,6965,0,0,0,0,0,0,0,0,0,0,0,0,0,1,3
2017,227,HACIENDA BIZCOCHERO,4.89,3350,131,638024.6025,52.50581227,975,2279,214,42.7819219,9.39008337,52.17200527,186,2,35,13439.5188,44,22,5,28,0,0,6018.540618,1.796579289,0,2269,0,0,0,6,2.7191
2017,228,CIUDAD UNIVERSITARIA,7.07,1,0,1889962.302,0.005291111,0,1,0,0,0,0,0,1,0,12084,8,1,1,5,0,0,2745.30127,2745.30127,1,1,1,0,1,1,1
2017,229,POL IND HAZA DE LA CRUZ,0,0,0,313096.331,0,0,0,0,0,0,0,0,1,0,0,0,1,0,0,0,0,0,0,0,0,0,0,0,1,0
2017,230,LA AZUCARERA,0,0,0,82419.49323,0,0,0,0,0,0,0,0,5,0,0,1,12,0,0,0,0,0,0,0,0,0,0,0,0,0
2017,231,PARQUE EMPRESARIAL AZUCARERA,4.06,277,24,183569.4451,15.0896572,40,207,30,19.3236715,14.49275362,33.81642512,10,0,0,12820,3,8,0,0,0,0,0,0,0,277,0,0,0,0,2.1414
2017,232,MINERVA,0,0,0,83567.99552,0,0,0,0,0,0,0,0,1,0,0,0,0,0,0,0,0,0,0,0,0,0,0,24,0,0
2017,233,SACABA BEACH,6.72,217,32,53318.70052,40.6986663,40,144,33,27.77777778,22.91666667,50.69444444,4,1,1,13062,1,0,1,6,0,0,263.547103,1.214502779,0,217,0,0,0,0,2.3906
2017,234,BUTANO,0,0,0,76033.34219,0,0,0,0,0,0,0,0,0,0,0,0,1,0,0,0,0,0,0,0,0,0,0,0,0,0
2017,235,PARQUE DEL GUADALHORCE,0,0,0,3783644.22,0,0,0,0,0,0,0,0,0,0,0,0,0,0,0,0,0,3784.194732,0,0,0,0,0,0,0,0
2017,236,EL CONSUL,5.08,3073,57,236147.9752,130.130271,493,2339,241,21.0773835,10.30354853,31.38093202,97,2,12,10909.2812,11,19,3,23,0,0,1321.746041,0.430115861,0,3073,0,0,30,2,3.076
2017,237,EL ROMERAL,4.57,3807,89,281562.0153,135.2099997,1069,2571,167,41.57915208,6.495527032,48.07467911,100,1,36,10626.8209,80,51,0,0,1,36,1407.77525,0.369785986,0,3807,0,0,8,5,2.8565
2017,238,FINCA LA PALMA,6.92,1495,83,151904.6366,98.41700909,273,927,177,29.44983819,19.09385113,48.54368932,35,0,15,9788.6528,10,5,5,22,0,0,1049.738133,0.702165975,0,1377,0,0,0,2,2.4213
2017,239,LAS MORILLAS,5.45,1980,43,234675.014,84.37199881,599,1422,63,42.12376934,4.430379747,46.55414909,71,0,59,12319.4434,3,7,4,23,1,90,2258.438475,1.140625492,0,1977,0,0,0,4,2.4855
2017,240,HACIENDA CAPITAN,0,7,3,74663.33395,0.937541847,2,5,0,40,0,40,0,0,0,11877.5714,0,0,0,0,0,0,2214.461243,316.3516061,0,7,0,0,0,0,5
2017,241,HACIENDA ROLDAN,7.82,2049,66,115377.8078,177.5904777,430,1303,208,33.00076746,15.96316193,48.96392939,60,0,14,10776.3665,5,14,6,32,0,0,570.16341,0.278264231,1,1941,0,0,0,0,3.0376
2017,242,CIUDAD SANTA INES,4.95,625,15,36506.3556,171.2030658,135,421,73,32.06650831,17.33966746,49.40617577,30,2,6,12899,0,1,0,0,0,0,615.936674,0.985498678,0,629,0,0,0,1,3
2017,243,QUINTA ALEGRE,6.23,593,10,31213.6229,189.9811508,84,459,50,18.30065359,10.89324619,29.19389978,26,3,1,11771,2,1,0,0,0,0,147.84947,0.24932457,0,499,0,0,0,1,2.7683
2017,244,COLONIA SANTA INES,6.41,408,5,27314.21532,149.3727699,53,265,90,20,33.96226415,53.96226415,9,3,1,11002.8529,6,7,0,0,0,0,0,0,0,397,1,0,0,1,2.3227
2017,245,TORRE ATALAYA,5.01,4655,97,191965.1186,242.4919711,1474,3037,144,48.53473823,4.741521238,53.27625947,128,2,42,11111.8191,9,16,6,29,0,0,2165.865578,0.465277246,0,4655,0,0,0,3,2.9697
2017,246,LOS MOLINOS,5.39,1604,44,200413.2479,80.03462929,280,1082,242,25.8780037,22.36598891,48.24399261,30,2,19,9683.2718,8,7,2,16,0,0,1401.687526,0.873870029,0,371,0,0,0,3,2.7728
2017,247,LOS RAMOS,3.54,2095,54,211403.8332,99.09943297,293,1510,292,19.40397351,19.33774834,38.74172185,56,0,12,10692.2076,3,10,0,0,0,0,236.401901,0.112841003,0,0,0,0,0,0,2.8308
2017,248,VIRGEN DEL CARMEN,4.57,739,16,112577.1125,65.64389362,246,471,22,52.22929936,4.670912951,56.90021231,16,0,19,10409,0,1,0,0,0,0,0,0,0,0,1,1,0,0,2.7627
2017,249,EL TOMILLAR,4.63,2762,110,375924.978,73.47210644,444,1804,514,24.61197339,28.49223947,53.10421286,36,0,16,8991.9258,7,21,2,10,0,0,655.628433,0.237374523,1,1694,0,0,0,1,3.1442
2017,250,CA헤VERAL,4.57,559,8,535271.0357,10.44330746,171,368,18,46.4673913,4.891304348,51.35869565,7,0,17,8979.4776,0,0,0,0,0,0,1260.576831,2.255056943,0,17,1,0,0,1,2.7775
2017,251,LOS ALMENDROS,4.44,755,16,86211.9984,87.5748172,129,572,79,22.55244755,13.81118881,36.36363636,16,0,3,11181,1,7,0,0,0,0,1096.967217,1.452936711,0,780,0,0,0,0,3.1963
2017,252,LOS TOMILLARES,4.39,624,28,173869.6334,35.88895816,83,369,172,22.49322493,46.61246612,69.10569106,13,0,5,11200.7067,9,11,1,4,0,0,0,0,0,583,0,0,0,3,2.6201
2017,253,TORREMAR,2.93,410,6,86883.92114,47.18939876,56,289,65,19.37716263,22.49134948,41.86851211,8,1,4,10814.4049,0,0,0,0,0,0,0,0,0,320,0,0,0,0,3.1928
2017,254,EL ATABAL,3.76,1401,62,566376.7892,24.73618317,170,950,270,17.89473684,28.42105263,46.31578947,51,1,11,16936,1,2,2,19,1,25,186.536114,0.133144978,0,0,0,0,0,2,3.2265
2017,255,EL CHAPARRAL,4.22,1464,42,183224.1388,79.90213567,319,1020,125,31.2745098,12.25490196,43.52941176,21,0,9,8590.9836,0,1,1,9,0,0,0,0,0,0,0,0,0,0,2.9942
2017,256,LAS MORILLAS PTO TORRE,2.64,1708,66,204533.1358,83.50725146,294,1180,234,24.91525424,19.83050847,44.74576271,36,0,7,8517,3,2,0,0,0,0,0,0,0,71,0,0,0,2,3.2633
2017,257,SANTA ISABEL PTO TORRE,3.52,745,30,99594.1751,74.80357152,134,484,129,27.68595041,26.65289256,54.33884298,17,1,5,11319.8725,0,2,0,0,0,0,0,0,0,115,0,0,0,0,3.0352
2017,258,PUERTOSOL,3.5,1275,21,577378.464,22.0825694,178,855,242,20.81871345,28.30409357,49.12280702,35,1,7,11920,2,8,2,10,0,0,0,0,0,0,0,0,0,0,3.3098
2017,259,EL LIMONERO,0,447,6,70309.39167,63.57614387,36,328,58,10.97560976,17.68292683,28.65853659,9,2,2,11181,1,0,0,0,0,0,1087.595864,2.433100367,0,289,0,0,13,0,3.2571
2017,260,SALINAS,2.62,1004,35,120024.3826,83.64967005,201,676,127,29.73372781,18.78698225,48.52071006,15,2,9,9135,7,4,0,0,0,0,413.536074,0.41188852,0,0,0,0,0,1,3.0053
2017,261,LOS MORALES 1,2.19,769,27,139444.716,55.14730297,124,484,161,25.61983471,33.26446281,58.88429752,13,2,7,10363.6242,7,21,1,4,0,0,94.43929,0.122807919,0,658,0,0,2,2,2.8055
2017,262,FUENTE ALEGRE,3.82,1877,51,309948.1532,60.55851538,355,1293,229,27.45552978,17.71075019,45.16627997,31,2,11,8502.4182,3,4,0,0,0,0,440.092667,0.234465992,0,0,0,0,0,2,3.1049
2017,263,HUERTA NUEVA-PTO TORRE,5.56,605,36,51412.67929,117.6752522,104,409,92,25.42787286,22.49388753,47.92176039,10,0,4,8445.0066,1,1,0,0,0,0,0,0,0,21,0,0,0,2,2.8867
2017,264,OROZCO,4.83,646,30,93748.55683,68.90772742,137,409,101,33.49633252,24.69437653,58.19070905,9,0,10,8446.678,0,0,0,0,0,0,0,0,0,294,0,0,0,2,2.723
2017,265,ARROYO ESPA헤,2.45,620,15,298202.2488,20.79125836,109,426,85,25.58685446,19.95305164,45.5399061,9,2,6,9127.2097,0,1,0,0,0,0,0,0,0,0,0,0,0,0,3.067
2017,266,HACIENDA CABELLO,1.75,1512,26,295720.6582,51.12933298,316,1087,112,29.07083717,10.30358786,39.37442502,8,0,17,6005,0,1,0,0,0,0,1540.041842,1.018546192,0,0,0,0,0,1,3.0252
2017,267,TEATINOS,4.75,3192,81,254005.3575,125.6666407,870,2093,229,41.56712852,10.94123268,52.5083612,112,0,27,11872.9931,25,17,4,20,0,0,1194.552648,0.374233286,0,3192,0,0,17,2,3.022
2017,268,LA ALCUBILLA,4.17,202,5,93718.7114,21.55386016,14,142,43,9.85915493,30.28169014,40.14084507,3,0,1,9518,0,0,0,0,0,0,0,0,0,199,0,0,0,0,2.7223
2017,269,GRANJA SUAREZ,3.56,1821,66,106755.1552,170.5772425,281,1252,291,22.44408946,23.2428115,45.68690096,17,0,14,7923.6343,12,35,0,0,0,0,260.564907,0.143088911,0,1824,0,0,1,0,2.7987
2017,270,CARLINDA,4.39,1887,92,127351.3879,148.1727079,303,1263,321,23.99049881,25.41567696,49.40617577,21,0,22,8098.3975,5,6,1,5,0,0,797.80999,0.422792787,0,1885,0,0,0,4,2.8421
2017,271,SAN ALBERTO,4.69,1258,36,193832.2608,64.9014769,209,873,176,23.94043528,20.16036655,44.10080183,9,0,9,5937.0246,3,0,0,0,0,0,100.308803,0.079736727,0,319,0,0,0,0,3.0216
2017,272,LA CORTA,0,943,47,256621.5098,36.74672481,345,571,27,60.42031524,4.72854641,65.14886165,3,0,22,4560,0,0,0,0,0,0,0,0,0,534,0,0,0,1,4.1135
2017,273,FLORISOL,4.27,1262,10,167623.439,75.28780031,292,891,79,32.77216611,8.8664422,41.63860831,17,0,8,8338.5024,5,6,0,0,0,0,893.79718,0.708238653,1,1262,0,0,3,3,3.0749
2017,274,TEJAR DE SALYT,0,0,0,67854.06865,0,0,0,0,0,0,0,0,0,0,0,0,0,0,0,0,0,0,0,0,0,0,0,0,0,0
2017,275,LOS CHOPOS,0,109,1,105312.9929,10.35009992,20,78,19,25.64102564,24.35897436,50,1,0,0,7630,0,0,0,0,0,0,0,0,0,0,0,0,0,0,2.9347
2017,276,ESTACION DE CAMPANILLAS,5.23,101,1,18526.38998,54.51682714,18,61,22,29.50819672,36.06557377,65.57377049,0,0,0,5997,0,1,0,0,0,0,0,0,0,0,0,0,0,0,2.622
2017,277,SANTA AGUEDA,1.81,173,3,41492.22112,41.69456234,26,108,39,24.07407407,36.11111111,60.18518519,1,0,0,5997,0,0,0,0,0,0,0,0,0,0,0,0,0,0,2.615
2017,278,CASTA헨TAS,2.62,1431,56,112539.0974,127.1558092,330,933,176,35.36977492,18.86387996,54.23365488,5,0,18,5997,1,1,0,0,0,0,152.965299,0.10689399,0,0,0,0,0,0,3.0299
2017,279,VALLEJO,0,19,0,34285.69755,5.541669371,2,13,4,15.38461538,30.76923077,46.15384615,0,0,0,3666,1,0,0,0,0,0,0,0,0,0,0,0,0,0,2.5
2017,280,PILAR DEL PRADO,6.26,364,22,90247.82389,40.33338249,77,244,43,31.55737705,17.62295082,49.18032787,0,1,5,3666,4,14,0,0,0,0,401.785471,1.103806239,0,231,0,0,0,0,2.8694
2017,281,OLIVEROS,4.82,151,2,38734.68922,38.98314484,37,114,0,32.45614035,0,32.45614035,0,1,3,3666,0,0,0,0,0,0,432.2502,2.862584106,0,151,0,0,0,0,2.6839
2017,282,HUERTECILLAS MA헤S,4.1,1358,29,112053.4553,121.1921574,236,908,214,25.99118943,23.56828194,49.55947137,7,1,16,7906,3,9,0,0,0,0,118.690839,0.087401207,0,23,0,0,0,2,3.1693
2017,283,COLMENAREJO,0,751,17,142965.2513,52.53024725,138,504,123,27.38095238,24.4047619,51.78571429,7,0,5,7118,3,3,0,0,0,0,227.191486,0.302518623,0,0,0,0,1,2,3.099
2017,284,EL PRADO,4.87,246,6,40945.9076,60.07926418,37,190,19,19.47368421,10,29.47368421,3,0,0,9722,3,10,0,0,0,0,0,0,0,246,0,0,0,0,3.8578
2017,285,EL BRILLANTE,0,515,10,121000.0123,42.56197916,79,376,60,21.0106383,15.95744681,36.96808511,6,0,6,9722,1,5,0,0,0,0,397.958093,0.772734161,1,515,0,0,0,0,3.1849
2017,286,SEGOVIA,4.97,864,19,159473.1832,54.17838803,264,575,25,45.91304348,4.347826087,50.26086957,8,0,22,8608.4896,1,3,0,0,0,0,746.256008,0.863722231,0,202,0,0,0,1,2.6209
2017,287,CAMPANILLAS,5.79,3609,190,412064.9687,87.58327628,654,2483,472,26.33910592,19.00926299,45.34836891,64,0,39,8570.9972,32,51,0,0,0,0,399.443776,0.110679905,0,1037,1,0,2,4,2.9239
2017,288,ROQUERO,3.51,1632,30,263189.9156,62.00845485,400,1145,87,34.93449782,7.598253275,42.53275109,16,0,14,8640,1,1,0,0,0,0,1231.251732,0.754443463,0,0,0,0,0,0,2.9165
2017,289,LOS MANCERAS,7.31,292,10,93315.5464,31.29167768,51,198,43,25.75757576,21.71717172,47.47474747,3,0,5,8640,0,0,0,0,0,0,0,0,0,0,0,0,0,0,2.8826
2017,290,PARQUE TECNOLOGICO,0,0,0,2315878.927,0,5,13,5,38.46153846,38.46153846,76.92307692,0,0,0,0,21,41,0,0,1,153,9330.445343,0,0,0,0,0,0,1,0
2017,291,MAQUEDA,2.7,1911,96,280573.1615,68.11057729,408,1287,216,31.7016317,16.78321678,48.48484848,23,0,30,7922,9,8,1,6,0,0,860.352373,0.450210556,1,1875,0,0,0,3,2.8222
2017,292,MIRANDA,0,2,1,53937.14953,0.370801946,0,1,1,0,100,100,0,0,0,7922,0,0,0,0,0,0,0,0,0,2,0,0,0,1,2
2017,293,LA FABRICA,2.29,535,15,149995.0881,35.66783464,103,379,53,27.176781,13.98416887,41.16094987,3,0,9,8217,5,8,0,0,0,0,0,0,0,526,0,0,0,0,3.5909
2017,294,SANTA ROSALIA,1.86,1575,20,340436.1581,46.26418089,215,1114,248,19.29982047,22.26211849,41.56193896,9,0,11,8217,3,9,0,0,0,0,2797.988174,1.776500428,0,1377,1,0,2,3,3.6531
2017,295,LOMA DEL CAMPO,4.38,220,14,37300.14289,58.9810073,44,151,25,29.13907285,16.55629139,45.69536424,3,0,1,7922,1,3,1,4,0,0,0,0,0,40,0,0,0,0,2.6399
2017,296,CAMPO DE GOLF,0,3,0,747953.9222,0.040109423,0,3,0,0,0,0,0,1,0,9391,0,0,0,0,1,172,0,0,0,0,0,0,0,0,0
2017,297,VEGA DE ORO,5.41,215,19,93358.42286,23.02952357,36,156,23,23.07692308,14.74358974,37.82051282,3,1,2,9391,0,3,0,0,0,0,0,0,0,0,0,0,0,0,5.187
2017,298,CAMPAMENTO BENITEZ,0,1,0,438495.9973,0.022805225,0,0,1,0,0,0,0,0,0,9391,0,7,0,0,0,0,2275.044404,2275.044404,0,0,0,0,0,1,0
2017,299,EL OLIVAR,0,267,11,355689.8658,7.506539422,37,135,95,27.40740741,70.37037037,97.77777778,6,1,2,13562,1,14,0,0,1,38,0,0,0,0,0,0,0,0,2.4634
2017,300,LOS PASEROS,0,78,23,91722.89579,8.503874559,11,52,15,21.15384615,28.84615385,50,2,1,1,9999.7436,10,9,0,0,2,50,0,0,0,0,0,0,0,0,2.0886
2017,301,LA CASITA DE MADERA,0,42,2,38508.77051,10.90660633,7,22,13,31.81818182,59.09090909,90.90909091,1,0,0,13562,1,1,0,0,0,0,0,0,0,0,0,0,0,0,2.5333
2017,302,POL IND EL ALAMO,0,3,0,147892.5639,0.202849955,0,2,1,0,50,50,0,0,0,9906,6,17,0,0,1,7,0,0,0,0,0,0,0,0,3
2017,303,LOURDES,4.05,101,10,50768.38347,19.89427141,13,59,29,22.03389831,49.15254237,71.18644068,2,0,1,13562,1,5,0,0,0,0,0,0,0,10,0,0,0,0,2.5641
2017,304,FINCA MONSALVEZ,4.6,1616,113,295234.29,54.73618935,458,1017,141,45.03441495,13.86430678,58.89872173,39,0,21,12363.0551,8,3,0,0,0,0,1164.083732,0.720348844,0,0,0,0,0,0,2.8113
2017,305,SAN JERONIMO,0,184,4,54227.46845,33.93114325,37,103,44,35.9223301,42.7184466,78.6407767,5,1,2,11595,1,0,0,0,0,0,0,0,0,0,0,0,0,0,2.6146
2017,306,ROJAS,1.1,57,3,291873.844,1.952898527,11,38,8,28.94736842,21.05263158,50,1,0,0,13562,0,0,0,0,0,0,0,0,0,0,0,0,0,0,2.9504
2017,307,CA헤DA DE CEUTA,0.74,302,41,701106.5101,4.307476762,49,179,71,27.37430168,39.66480447,67.03910615,8,0,2,11595,5,1,0,0,0,0,0,0,0,0,0,0,0,0,2.6224
2017,308,SAN FERNANDO,1.1,16,4,45543.66244,3.513112284,1,8,7,12.5,87.5,100,1,0,0,11595,0,0,0,0,0,0,0,0,0,0,0,0,0,0,2.4
2017,309,CORTIJO DE MAZA,1.21,519,51,219747.8491,23.61797862,84,334,101,25.1497006,30.23952096,55.38922156,11,0,3,13562,2,0,1,8,0,0,248.526012,0.478855514,0,0,0,0,0,0,2.3639
2017,310,HELIOMAR,4.62,3067,232,229638.6707,133.5576447,569,2067,431,27.52781809,20.85147557,48.37929366,55,2,20,10032.4359,19,27,0,0,0,0,571.569509,0.186361105,0,2655,0,0,13,3,3.0174
2017,311,HACIENDA PLATERO,4.23,884,45,77095.53852,114.6629256,149,609,126,24.46633826,20.68965517,45.15599343,12,1,8,8982,1,10,0,0,0,0,194.853941,0.22042301,0,884,1,0,0,2,3.0209
2017,312,CHURRIANA,4.11,1078,103,144950.0648,74.37043931,181,677,220,26.73559823,32.49630724,59.23190547,7,0,11,8342.9425,8,18,0,0,0,0,533.786713,0.495163927,0,396,2,0,0,2,2.2795
2017,313,LOS PAREDONES,2.97,473,26,83665.60933,56.534579,134,316,40,42.40506329,12.65822785,55.06329114,2,0,11,7530,1,1,0,0,0,0,533.939635,1.128836438,0,0,0,0,0,0,3.0604
2017,314,CEMENTERIO CHURRIANA,4.62,5,0,41413.11679,1.207346944,0,5,0,0,0,0,0,1,0,7530,0,0,0,0,0,0,0,0,0,0,0,0,0,0,3
2017,315,LA NORIA,4.18,2556,142,215505.3642,118.6049363,504,1762,290,28.60385925,16.45856981,45.06242906,13,0,27,7185.6056,4,3,0,0,0,0,580.166303,0.226982122,0,0,0,0,3,2,3.0316
2017,316,PIZARRILLO,3.11,104,5,274377.6276,3.790396502,23,81,0,28.39506173,0,28.39506173,2,0,1,6914.8654,1,0,0,0,0,0,487.52284,4.687719615,0,0,0,0,0,0,2.314
2017,317,LAS PEDRIZAS,4.62,633,25,53471.90951,118.3799131,98,409,126,23.9608802,30.80684597,54.76772616,4,0,7,7530,3,4,0,0,0,0,0,0,0,0,0,0,0,1,3.0708
2017,318,LOS JAZMINES,0,391,18,37224.50341,105.0383388,42,275,74,15.27272727,26.90909091,42.18181818,8,0,0,10324,1,1,0,0,0,0,570.784254,1.459806276,0,0,0,0,0,0,3.3676
2017,319,EL CUARTON,5.9,162,18,218249.64,7.422692657,23,86,53,26.74418605,61.62790698,88.37209302,4,0,0,10324,1,2,0,0,0,0,0,0,0,0,0,0,0,0,2.4701
2017,320,FINCA LA HACIENDA,0,252,11,79331.23163,31.76554742,30,180,42,16.66666667,23.33333333,40,5,0,4,10324,2,4,0,0,0,0,334.080241,1.325715242,0,0,0,0,0,0,2.7186
2017,321,SAN JUAN-EL ALBARICOCAL,4.18,210,19,119254.4067,17.60941217,41,149,20,27.51677852,13.42281879,40.93959732,4,0,2,10324,0,1,0,0,0,0,0,0,0,0,0,0,0,0,2.9527
2017,323,PARQ EMP VILLA ROSA,0,1,1,329004.992,0.030394676,0,1,0,0,0,0,0,2,0,9391,13,42,0,0,0,0,0,0,0,0,0,0,0,0,5
2017,324,POL IND MI MALAGA,0,26,3,349801.0069,0.743279736,3,20,1,15,5,20,0,1,0,9391,4,19,0,0,1,244,0,0,0,0,0,0,0,1,2.4128
2017,325,SAN JULIAN,3.83,651,73,109236.1897,59.59563418,89,456,108,19.51754386,23.68421053,43.20175439,8,0,7,9391,7,7,0,0,0,0,0,0,0,0,0,0,2,1,4.2048
2017,326,GUADALMAR,5,2520,102,767627.5914,32.82841873,373,1814,333,20.56229327,18.35722161,38.91951488,59,1,15,13857.7111,15,11,18,103,2,384,1267.389961,0.502932524,0,0,0,0,2,4,2.6398
2017,327,ARRAIJANAL,0,0,0,634857.6493,0,0,0,0,0,0,0,0,0,0,0,0,0,0,0,0,0,0,0,0,0,0,0,3,0,-4
2017,328,PARQ EMP AEROPUERTO,0,0,0,106289.6385,0,0,0,0,0,0,0,0,0,0,0,7,16,0,0,0,0,0,0,0,0,0,0,0,0,0
2017,330,MAKRO,0,0,0,82798.07388,0,0,0,0,0,0,0,0,0,0,0,1,7,0,0,0,0,0,0,0,0,0,0,0,3,0
2017,331,AEROPUERTO BASE AEREA,0,17,0,6269807.19,0.027114071,1,13,3,7.692307692,23.07692308,30.76923077,0,0,1,8234.4706,6,6,0,0,0,0,0,0,0,0,2,0,0,0,2.1667
2017,332,UNIVERSIDAD LABORAL,0,20,3,264793.0944,0.755306706,1,14,5,7.142857143,35.71428571,42.85714286,1,1,0,16936,3,1,0,0,0,0,0,0,0,0,0,0,0,0,20.5
2017,333,LOS MORALES 2,0,380,1,70025.03684,54.26630491,79,280,21,28.21428571,7.5,35.71428571,8,1,3,12330.0211,0,0,2,9,0,0,279.777459,0.736256471,0,0,0,0,0,0,3.3404
2017,334,BARCELO,4.68,1110,36,35371.72599,313.8099623,152,795,148,19.11949686,18.6163522,37.73584906,10,2,8,8866,0,0,0,0,0,0,0,0,0,803,0,0,0,4,2.7737
2017,335,BUENAVISTA,4.79,64,0,43212.24614,14.81061637,10,47,7,21.27659574,14.89361702,36.17021277,2,0,0,11595,0,0,0,0,0,0,0,0,0,0,0,0,0,1,2.9635
2017,336,CORTIJO SAN JULIAN,0,4,2,129342.9292,0.309255405,1,3,0,33.33333333,0,33.33333333,0,0,0,9391,2,2,0,0,0,0,0,0,0,0,0,0,0,0,-4
2017,337,LA CIZA헤,5.58,88,5,281163.2289,3.129854509,16,50,22,32,44,76,1,1,0,9391,0,0,3,17,0,0,221.54492,2.517555909,0,0,0,0,0,0,3.7
2017,338,TABACALERA,5.38,182,10,66848.38767,27.22578754,21,144,17,14.58333333,11.80555556,26.38888889,6,0,3,14908,1,2,13,54,0,0,553.300677,3.04011361,0,0,3,0,0,0,1.8261
2017,339,MARMOLES,6.23,5176,629,159622.4717,324.2651204,553,3200,1423,17.28125,44.46875,61.75,159,0,27,12149.9983,27,103,52,260,0,0,0,0,0,5176,0,0,0,5,2.3608
2017,340,PERCHEL NORTE,6.68,2236,265,175672.5641,127.2822544,312,1517,407,20.56690837,26.82926829,47.39617666,57,0,21,9225.1006,39,134,37,192,6,1348,288.188173,0.128885587,0,2236,3,1,0,9,2.5875
2017,341,LA FLORIDA,4.46,2445,74,127038.1403,192.4618854,484,1685,276,28.72403561,16.37982196,45.10385757,49,1,16,11634.4581,1,8,1,6,0,0,0,0,0,2445,0,0,0,1,2.8284
2017,342,SEMINARIO,0,12,0,312579.5721,0.383902247,1,9,2,11.11111111,22.22222222,33.33333333,0,2,0,12321,0,0,0,0,1,57,1987.747963,165.6456636,0,1,0,0,0,4,-1
2017,343,OLIAS,0,305,7,64148.93798,47.54560397,28,215,62,13.02325581,28.8372093,41.86046512,2,0,3,8162,2,0,0,0,0,0,0,0,1,305,0,0,0,0,3.7032
2017,344,EL CORTIJUELO JUNTA CAMINOS,3.87,908,341,287121.2714,31.62426787,111,618,179,17.96116505,28.96440129,46.92556634,5,0,7,7989.5463,4,0,0,0,1,70,94.243375,0.103792263,0,0,0,0,1,0,4.1145
2017,345,COLINAS DEL LIMONAR,7.3,19,3,703657.4399,0.270017752,5,15,4,33.33333333,26.66666667,60,1,3,0,14581.2632,0,0,0,0,0,0,535.993982,28.21020958,0,0,0,0,0,1,3.6
2017,346,CAMINO DEL COLMENAR,0,51,0,230133.3603,2.216106346,10,27,14,37.03703704,51.85185185,88.88888889,1,2,0,12212.7451,2,2,2,17,0,0,0,0,0,0,0,0,0,0,3.5784
2017,347,LA MANIA,5.15,435,17,92648.92054,46.95143747,74,335,26,22.08955224,7.76119403,29.85074627,16,1,2,17572,0,0,4,20,0,0,0,0,0,435,0,0,0,0,3.3639
2017,348,EL LAGARILLO,0,3,0,520097.341,0.05768151,0,2,1,0,50,50,0,4,0,10481,0,0,0,0,0,0,2512.233945,837.411315,0,0,0,0,0,0,3
2017,349,PARQUE LAS VIRREINAS,0,0,0,215669.214,0,0,0,0,0,0,0,0,1,0,0,0,0,0,0,0,0,3207.668014,0,0,0,0,0,0,0,0
2017,350,EL RETIRO,3.19,130,6,370611.3479,3.50771774,32,84,2,38.0952381,2.380952381,40.47619048,2,0,1,10324,0,1,0,0,0,0,1150.779106,8.852146969,0,0,0,0,0,0,2.6757
2017,351,LOS CHOCHALES,0,0,0,537904.9348,0,0,0,0,0,0,0,0,0,0,0,0,0,0,0,0,0,0,0,0,0,0,0,0,0,0
2017,352,SANTA TECLA,0,18,0,566136.7089,0.317944407,0,12,6,0,50,50,1,0,0,13562,0,1,0,0,0,0,0,0,0,0,0,0,0,0,2.1136
2017,353,DEPURADORA GUADALHORCE,0,0,0,656910.2446,0,0,0,0,0,0,0,0,3,0,0,1,17,0,0,0,0,0,0,0,0,0,0,0,0,0
2017,354,HACIENDA SANCHEZ BLANCA,0,0,0,640313.7425,0,0,0,0,0,0,0,0,1,0,0,0,0,0,0,0,0,0,0,0,0,0,0,0,0,0
2017,355,LOS ASPERONES 1 Y 3,0,764,6,353887.8322,21.58876148,273,467,24,58.45824411,5.139186296,63.59743041,1,1,11,3666,1,1,0,0,0,0,0,0,0,0,0,0,0,0,4.3423
2017,356,LOS ASPERONES 2,0,186,1,34583.78825,53.78242506,17,29,0,58.62068966,0,58.62068966,0,0,3,3666,0,0,0,0,0,0,0,0,0,0,0,0,0,0,3.0786
2017,357,PARQUE CEMENTERIO,0,42,16,1131947.162,0.371042054,11,31,0,35.48387097,0,35.48387097,0,0,0,3666,0,0,0,0,0,0,0,0,0,0,0,0,0,0,26
2017,358,LOS ROSALES,4.24,763,30,104173.0784,73.2434917,204,530,29,38.49056604,5.471698113,43.96226415,16,3,4,10324,0,0,0,0,0,0,0,0,0,0,0,0,0,0,3.2358
2017,359,EL TEJAR,3.93,1008,16,50545.29462,199.4250914,281,658,69,42.70516717,10.48632219,53.19148936,17,3,9,10705,3,1,0,0,0,0,444.093815,0.440569261,0,258,0,0,0,0,3.0986
2017,360,MALAGA 2000,0,1,0,147906.2222,0.067610408,0,1,0,0,0,0,0,0,0,12820,1,7,0,0,0,0,0,0,0,1,0,0,0,2,0
2017,361,FINCA EL PATO,6.35,5951,194,268142.5573,221.9341853,1763,3766,300,46.81359533,7.966011683,54.77960701,201,2,79,13047.2257,17,16,21,119,0,0,1507.434116,0.253307699,1,5829,0,0,0,2,2.9047
2017,363,EL HIGUERAL,3.74,1429,49,168148.8075,84.98424826,382,971,76,39.34088568,7.826982492,47.16786818,16,0,8,8833,0,1,0,0,0,0,950.557236,0.665190508,0,0,0,0,2,0,2.9878
2017,364,EL CONSUL-II,6.63,1995,67,157615.5065,126.5738407,620,1300,75,47.69230769,5.769230769,53.46153846,55,1,22,12084,58,10,5,21,0,0,1009.45689,0.505993429,1,1995,0,0,1,0,2.9901
2017,365,LAS MORILLAS II,0,281,3,43092.22785,65.2089748,33,217,31,15.20737327,14.28571429,29.49308756,4,0,3,9135,2,0,0,0,0,0,615.387661,2.189991676,0,0,0,0,0,0,3.0522
2017,366,LOS MANANTIALES,0,87,3,44669.73134,19.47627563,11,61,15,18.03278689,24.59016393,42.62295082,2,0,0,11595,0,0,0,0,0,0,0,0,0,0,0,0,0,0,3.2733
2017,367,CENTRO DE OCIO,0,7,0,893842.163,0.078313603,0,6,1,0,16.66666667,16.66666667,0,0,0,9391,48,131,0,0,0,0,660.122037,94.30314814,0,0,0,2,0,4,-1.5
2017,368,LAS ESPE헷ELAS,4.82,1288,76,207204.9446,62.16067878,408,843,37,48.39857651,4.389086595,52.78766311,31,0,21,9766.1087,2,3,0,0,0,0,963.29846,0.747902531,1,1288,0,0,0,0,2.9565
2017,369,LOMAS DE SAN ANTON,5.06,395,9,239124.772,16.51857299,134,242,19,55.37190083,7.851239669,63.2231405,4,0,4,7503.3722,0,1,0,0,0,0,0,0,0,0,0,0,0,0,4.1062
2017,370,CA헤DA DE LOS CARDOS,6.48,2466,52,408075.4271,60.43000476,789,1619,58,48.73378629,3.582458308,52.3162446,89,0,77,11493.0973,3,4,3,18,0,0,1763.096237,0.714961978,0,2370,0,0,1,0,2.6693
2017,371,SOLIVA ESTE,1.59,3834,158,317603.0856,120.7167113,1001,2750,83,36.4,3.018181818,39.41818182,82,0,117,9124.735,5,8,0,0,0,0,1230.739982,0.321006777,0,0,0,0,0,3,2.543
2017,372,POL IND ORDO헨Z,0,0,0,162167.308,0,0,0,0,0,0,0,0,0,0,0,13,52,0,0,0,0,0,0,0,0,0,2,0,1,0
2017,373,POL IND HAZA ANGOSTA,3.77,117,5,115169.4236,10.15894639,15,84,18,17.85714286,21.42857143,39.28571429,1,0,0,8833,4,22,0,0,1,228,0,0,0,0,0,0,0,2,2.3958
2017,374,NUESTRA SE헲RA DE FATIMA,2.57,825,28,267312.3785,30.8627683,218,527,80,41.36622391,15.18026565,56.54648956,7,0,13,6533.4873,1,0,0,0,0,0,0,0,0,825,0,0,0,2,2.9277
2017,375,ATABAL ESTE,0,108,0,32279.12849,33.45815239,43,73,3,58.90410959,4.109589041,63.01369863,4,0,0,16936,4,1,1,3,0,0,585.940788,5.425377667,0,0,0,0,0,2,3.9259
2017,376,COMERCIAL VILLAROSA,0,0,0,87302.024,0,0,0,0,0,0,0,0,0,0,0,0,8,0,0,0,0,300.715095,0,0,0,0,0,0,0,0
2017,377,WITTEMBERG,4.61,203,17,90331.61066,22.47275328,75,125,3,60,2.4,62.4,4,0,2,13562,0,0,0,0,0,0,0,0,0,0,0,0,0,0,3.6637
2017,378,503 VIVIENDAS,3.07,1576,92,90701.70783,173.7563754,295,967,314,30.50672182,32.47156153,62.97828335,7,0,21,6138.5558,0,1,0,0,0,0,106.644439,0.067667791,0,1576,1,0,0,5,3.6524
2017,379,720 VIVIENDAS,2.85,1763,141,85370.33072,206.5120265,348,1154,261,30.1559792,22.6169844,52.7729636,1,0,22,4668.1276,0,1,0,0,0,0,93.836785,0.05322563,0,1763,0,0,0,0,3.4505
2017,380,LA PLATERA,0,0,0,561265.5402,0,0,0,0,0,0,0,0,0,0,0,0,0,0,0,0,0,0,0,0,0,0,0,0,0,0
2017,381,EL CORONEL,1.1,38,3,240876.505,1.577571877,14,21,6,66.66666667,28.57142857,95.23809524,0,0,1,11595,0,1,0,0,0,0,0,0,0,0,0,0,0,0,3.9722
2017,382,LA CONSULA,1.5,17,0,164892.1929,1.030976646,6,9,2,66.66666667,22.22222222,88.88888889,0,0,0,10324,1,0,0,0,0,0,1220.545944,71.79682024,0,0,0,0,0,0,4
2017,384,LA LOMA,0,96,9,440766.54,2.178023767,20,61,15,32.78688525,24.59016393,57.37704918,0,0,0,7921.8333,0,2,0,0,0,0,128.042363,1.333774615,0,0,0,0,0,0,2.6571
2017,385,LAS ERIZAS,0,6,0,187827.9919,0.319441205,2,3,1,66.66666667,33.33333333,100,0,0,0,6425,0,0,0,0,0,0,2583.729633,430.6216055,0,0,0,0,0,0,2.5
2017,386,HACIENDA ALTAMIRA,0,24,2,432549.8038,0.554849402,3,17,6,17.64705882,35.29411765,52.94117647,1,0,0,10941.5,0,0,0,0,0,0,0,0,0,26,1,0,0,0,3.4761
2017,387,SUP-T.8 UNIVERSIDAD,0,0,0,494293.7556,0,0,0,0,0,0,0,0,0,0,0,0,0,0,0,0,0,0,0,0,0,0,0,0,0,0
2017,388,CARAMBUCO,0,0,0,156060.6283,0,0,0,0,0,0,0,0,0,0,0,0,0,0,0,0,0,0,0,0,0,0,0,0,1,0
2017,389,POL IND CARAMBUCO,0,0,0,101867.8361,0,0,0,0,0,0,0,0,0,0,0,3,1,0,0,1,119,0,0,0,0,0,0,0,0,0
2017,390,IND SAN MIGUEL,0,0,0,71979.65324,0,0,0,0,0,0,0,0,0,0,0,7,15,0,0,0,0,0,0,0,0,0,0,0,0,0
2017,500,IND SAN ALBERTO,0,46,0,21104.54945,21.79624829,7,31,8,22.58064516,25.80645161,48.38709677,0,0,0,4560,0,8,0,0,0,0,0,0,0,23,0,0,0,1,2.5687
2017,501,IND ALCALDE DIAZ ZAFRA,0,76,2,22329.13514,34.03624884,17,51,8,33.33333333,15.68627451,49.01960784,1,0,1,9075,2,4,0,0,0,0,0,0,0,76,0,0,0,0,2.8339
2017,502,IND NUEVO SAN ANDRES,0,0,0,45564.21685,0,0,0,0,0,0,0,0,0,0,0,2,2,0,0,0,0,0,0,0,0,0,0,0,5,0
2017,503,IND LA PELUSA,0,551,45,84491.26957,65.2138384,77,340,134,22.64705882,39.41176471,62.05882353,9,0,3,9425.147,2,7,1,2,0,0,0,0,0,551,0,0,0,0,2.7016
2017,504,IND LA TERMICA,4.71,1,0,285589.095,0.035015343,0,0,1,0,0,0,0,0,0,13062,0,1,0,0,0,0,0,0,0,1,0,0,0,0,1
2017,505,IND PILAR DEL PRADO,0,0,0,68569.01025,0,0,0,0,0,0,0,0,0,0,0,0,0,0,0,0,0,0,0,0,0,0,0,0,0,0
2017,507,POL COM PACIFICO,6.03,200,11,52616.64756,38.01078352,40,138,22,28.98550725,15.94202899,44.92753623,9,0,2,12104,2,6,0,0,0,0,0,0,0,200,0,0,0,0,2.2236
2017,508,IND INTELHORCE,0,0,0,345767.0107,0,0,0,0,0,0,0,0,0,0,0,1,0,0,0,0,0,0,0,0,0,0,0,0,1,8
2017,509,IND SIEMENS,0,0,0,73579.86595,0,0,0,0,0,0,0,0,0,0,0,0,0,0,0,0,0,0,0,0,0,0,0,0,0,0
2017,510,LA TOSCA,2.97,176,15,56771.13788,31.00166855,31,96,32,32.29166667,33.33333333,65.625,1,0,0,7530,0,0,0,0,0,0,0,0,0,0,0,0,0,0,3.0543
2017,511,MIRAMAR,5.69,963,58,119018.0721,80.91208194,154,547,262,28.1535649,47.8976234,76.0511883,46,0,8,21422.7549,0,3,1,6,0,0,0,0,0,963,0,0,0,0,3.0568
2017,512,RECINTO FERIAL CORTIJO TORRES,0,0,0,574413.3421,0,0,0,0,0,0,0,0,0,0,0,0,2,0,0,0,0,685.162831,0,0,0,0,0,0,0,0
2017,517,CRISTO DE LA EPIDEMIA,6.26,4933,451,138465.5256,356.2619633,702,3079,1152,22.79961026,37.41474505,60.21435531,167,0,35,11051.8153,43,71,77,400,2,37,304.082652,0.06164254,0,4933,2,0,0,12,2.5169
2017,518,VICTORIA EUGENIA,5.81,2495,220,72019.56022,346.4336622,372,1671,452,22.26211849,27.04967086,49.31178935,32,0,28,8278.0633,6,23,4,22,1,15,0,0,0,2495,1,0,0,6,2.4139
2017,519,C.T.MERCANCIAS,0,0,0,393040.5375,0,0,0,0,0,0,0,0,0,0,0,3,7,0,0,0,0,0,0,0,0,0,0,0,0,0
2017,520,HAZA CARPINTERO,6.02,87,0,23398.69983,37.1815531,14,50,23,28,46,74,1,0,0,11164,0,0,0,0,0,0,0,0,0,0,0,0,0,0,3.0906
2017,521,PARQ EMP TREVENEZ,0,0,0,705662.4765,0,0,0,0,0,0,0,0,0,0,0,7,26,0,0,0,0,0,0,0,0,0,0,2,0,0
2017,523,TASARA,0,15,0,336841.1088,0.445313817,0,5,5,0,100,100,0,0,0,14366,0,0,0,0,0,0,0,0,0,0,0,0,0,1,2.1429
2017,525,MIRAFLORES,5.73,434,2,242085.0199,17.92758594,143,277,14,51.62454874,5.054151625,56.67870036,3,0,3,9387,0,0,0,0,0,0,2069.509019,4.768453961,0,0,0,0,0,3,3.2712
2017,526,PERI-PT4 LOS ALMENDROS,4.4,419,4,50771.5945,82.52646073,95,300,24,31.66666667,8,39.66666667,8,0,4,11181,0,1,0,0,0,0,275.135133,0.656647095,0,97,0,0,0,0,3.4674
2017,527,IND SAN ALBERTO II,0,135,11,32408.12693,41.65621798,23,75,37,30.66666667,49.33333333,80,1,0,0,7888.6519,0,1,0,0,0,0,0,0,0,135,0,0,0,0,2.7062
